case_id,region,main_label,main_volume_mm3,n_fragmentos_totales,n_fragmentos_conminutos
001,coxal_derecho,21,412279.79129969754,1,0
001,coxal_izquierdo,11,372165.04460819124,2,1
001,sacro,1,223895.99943006033,1,0
002,coxal_derecho,21,255697.38919837156,3,2
002,coxal_izquierdo,11,273119.9262988079,1,0
002,sacro,1,176044.90604124224,2,1
003,coxal_derecho,21,281041.536819458,1,0
003,coxal_izquierdo,11,236036.14632415771,4,3
003,sacro,1,181401.1746749878,1,0
004,coxal_derecho,21,214046.2177734375,2,1
004,coxal_izquierdo,11,204582.744140625,2,1
004,sacro,1,119556.0,2,1
005,coxal_derecho,21,216146.85647964478,3,2
005,coxal_izquierdo,11,173586.95415115356,2,1
005,sacro,1,156296.49152755737,1,0
006,coxal_derecho,21,189724.28515625,2,1
006,coxal_izquierdo,11,202453.41796875,1,0
006,sacro,1,50187.05859375,4,3
007,coxal_derecho,21,281719.1923828125,3,2
007,coxal_izquierdo,11,261656.88830566406,3,2
007,sacro,1,171208.1112060547,1,0
008,coxal_derecho,21,258121.1732798989,1,0
008,coxal_izquierdo,11,168240.8972823753,3,2
008,sacro,1,152778.97444455285,1,0
009,coxal_derecho,21,221128.0697703883,3,2
009,coxal_izquierdo,11,315170.76880346006,1,0
009,sacro,1,226860.8671579403,1,0
010,coxal_derecho,21,251327.288807132,1,0
010,coxal_izquierdo,11,155205.7368587823,3,2
010,sacro,1,195325.43993848356,1,0
011,coxal_derecho,21,286261.6033888783,2,1
011,coxal_izquierdo,11,217380.27371225363,3,2
011,sacro,1,183803.03234967391,1,0
012,coxal_derecho,21,275085.72578430176,1,0
012,coxal_izquierdo,11,178471.35543823242,3,2
012,sacro,1,204546.28944396973,1,0
013,coxal_derecho,21,253523.92955905088,3,2
013,coxal_izquierdo,11,288938.4808680188,1,0
013,sacro,1,167225.10014809814,1,0
014,coxal_derecho,21,236901.16522216797,4,3
014,coxal_izquierdo,11,330381.27630615234,1,0
014,sacro,1,139242.03118896484,2,1
015,coxal_derecho,21,274994.4766693115,1,0
015,coxal_izquierdo,11,238377.2467803955,3,2
015,sacro,1,146940.14860534668,2,1
016,coxal_derecho,21,281064.453125,3,2
016,coxal_izquierdo,11,338557.12890625,2,1
016,sacro,1,207664.1845703125,1,0
017,coxal_derecho,21,232907.1044921875,1,0
017,coxal_izquierdo,11,146185.9130859375,3,2
017,sacro,1,152509.765625,1,0
018,coxal_derecho,21,257910.1600931608,2,1
018,coxal_izquierdo,11,356395.02484194963,1,0
018,sacro,1,235787.601169759,1,0
019,coxal_derecho,21,243702.61384576245,1,0
019,coxal_izquierdo,11,246913.8800112391,1,0
019,sacro,1,140118.4002661178,2,1
020,coxal_derecho,21,311916.9839132057,1,0
020,coxal_izquierdo,11,293695.98485450115,2,1
020,sacro,1,172924.09183363363,2,1
021,coxal_derecho,21,245699.62392432586,3,2
021,coxal_izquierdo,11,266919.5099949446,3,2
021,sacro,1,200515.51350581204,1,0
022,coxal_derecho,21,329090.57585144043,1,0
022,coxal_izquierdo,11,327670.0596008301,1,0
022,sacro,1,175160.359664917,1,0
023,coxal_derecho,21,305346.338168179,2,1
023,coxal_izquierdo,11,319861.70980781474,2,1
023,sacro,1,182646.5631342435,1,0
024,coxal_derecho,21,270519.93937230704,3,2
024,coxal_izquierdo,11,264760.69136380794,4,3
024,sacro,1,168872.96445161448,2,1
025,coxal_derecho,21,138547.9077758789,4,3
025,coxal_izquierdo,11,234531.50830078125,3,2
025,sacro,1,165007.38940429688,1,0
026,coxal_derecho,21,300840.4937438965,1,0
026,coxal_izquierdo,11,176252.45866012573,3,2
026,sacro,1,186626.33740997314,1,0
027,coxal_derecho,21,146418.2376537418,3,2
027,coxal_izquierdo,11,235987.2956613212,1,0
027,sacro,1,150135.11241720463,1,0
028,coxal_derecho,21,238922.4471130371,3,2
028,coxal_izquierdo,11,290922.0666503906,2,1
028,sacro,1,198212.46459960938,2,1
029,coxal_derecho,21,218484.3054981617,2,1
029,coxal_izquierdo,11,242308.54470115312,1,0
029,sacro,1,128182.93572375512,2,1
030,coxal_derecho,21,279203.35206985474,3,2
030,coxal_izquierdo,11,341198.1488227844,2,1
030,sacro,1,209659.78412628174,1,0
031,coxal_derecho,21,220745.2392578125,4,3
031,coxal_izquierdo,11,269555.0537109375,2,1
031,sacro,1,167301.025390625,2,1
032,coxal_derecho,21,199233.48686533258,3,2
032,coxal_izquierdo,11,221847.77233836305,2,1
032,sacro,1,161101.01154668155,1,0
033,coxal_derecho,21,314628.9787911203,2,1
033,coxal_izquierdo,11,355268.4403555577,1,0
033,sacro,1,204360.22934220175,2,1
034,coxal_derecho,21,256212.94910167687,1,0
034,coxal_izquierdo,11,157299.809448482,3,2
034,sacro,1,163636.4234262648,1,0
035,coxal_derecho,21,367549.40579198947,1,0
035,coxal_izquierdo,11,306097.1402961215,2,1
035,sacro,1,227604.07837725413,1,0
036,coxal_derecho,21,313286.1328125,1,0
036,coxal_izquierdo,11,256794.43359375,4,3
036,sacro,1,213632.2021484375,1,0
037,coxal_derecho,21,247607.56428018794,2,1
037,coxal_izquierdo,11,254569.41822179942,2,1
037,sacro,1,172036.63360371138,2,1
038,coxal_derecho,21,239772.39537577485,3,2
038,coxal_izquierdo,11,267532.47263726505,1,0
038,sacro,1,128155.53728468026,2,1
039,coxal_derecho,21,274471.69344322185,4,3
039,coxal_izquierdo,11,201696.07326545755,2,1
039,sacro,1,118755.27581945299,3,2
040,coxal_derecho,21,185086.4490293983,2,1
040,coxal_izquierdo,11,184676.93755808834,2,1
040,sacro,1,116718.60686345471,2,1
041,coxal_derecho,21,309431.64198107156,1,0
041,coxal_izquierdo,11,209745.8888703681,4,3
041,sacro,1,169957.6902077248,2,1
042,coxal_derecho,21,219963.0872282072,3,2
042,coxal_izquierdo,11,283942.80873882055,1,0
042,sacro,1,183677.6834897701,1,0
043,coxal_derecho,21,298087.64680480957,2,1
043,coxal_izquierdo,11,222553.1205291748,2,1
043,sacro,1,215112.4994354248,1,0
044,coxal_derecho,21,279488.50208042655,2,1
044,coxal_izquierdo,11,302635.42264765257,1,0
044,sacro,1,171087.79873044434,1,0
045,coxal_derecho,21,329691.02783203125,2,1
045,coxal_izquierdo,11,284608.48388671875,3,2
045,sacro,1,211025.50659179688,2,1
046,coxal_derecho,21,179079.58984375,4,3
046,coxal_izquierdo,11,281920.166015625,1,0
046,sacro,1,220109.86328125,1,0
047,coxal_derecho,21,268185.5048937307,1,0
047,coxal_izquierdo,11,241576.9355436258,3,2
047,sacro,1,224811.3195305698,1,0
048,coxal_derecho,21,260705.20061332578,2,1
048,coxal_izquierdo,11,259346.62388409703,1,0
048,sacro,1,149602.42923120302,1,0
049,coxal_derecho,21,302660.3690767307,1,0
049,coxal_izquierdo,11,229798.29862052738,6,5
049,sacro,1,176308.51663502608,1,0
050,coxal_derecho,21,248388.51097719272,3,2
050,coxal_izquierdo,11,330491.70587882487,1,0
050,sacro,1,187568.04808092397,1,0
051,coxal_derecho,21,243685.7343157929,4,3
051,coxal_izquierdo,11,331672.121140648,1,0
051,sacro,1,202920.37519722254,1,0
052,coxal_derecho,21,254338.86013039775,3,2
052,coxal_izquierdo,11,219225.26179779856,2,1
052,sacro,1,168600.15665438207,2,1
053,coxal_derecho,21,200285.64453125,3,2
053,coxal_izquierdo,11,287373.046875,1,0
053,sacro,1,174435.4248046875,2,1
054,coxal_derecho,21,232505.9207687378,4,3
054,coxal_izquierdo,11,190672.5771331787,2,1
054,sacro,1,207240.79578018188,1,0
055,coxal_derecho,21,168099.72216796875,4,3
055,coxal_izquierdo,11,240281.28393554688,1,0
055,sacro,1,177353.7861328125,1,0
056,coxal_derecho,21,176872.09941101074,4,3
056,coxal_izquierdo,11,242517.4521484375,1,0
056,sacro,1,157077.64204406738,1,0
057,coxal_derecho,21,383241.6096343994,1,0
057,coxal_izquierdo,11,318491.0738143921,4,3
057,sacro,1,195931.6651649475,2,1
058,coxal_derecho,21,265714.1940307617,1,0
058,coxal_izquierdo,11,237360.5344696045,3,2
058,sacro,1,131943.3776702881,2,1
059,coxal_derecho,21,296634.7397765402,2,1
059,coxal_izquierdo,11,222867.97393130764,2,1
059,sacro,1,214836.90982917702,1,0
060,coxal_derecho,21,299404.36786026164,3,2
060,coxal_izquierdo,11,339391.0283202432,1,0
060,sacro,1,197862.0313330351,2,1
061,coxal_derecho,21,142448.71007498394,3,2
061,coxal_izquierdo,11,252673.23297587896,1,0
061,sacro,1,169972.592981044,1,0
062,coxal_derecho,21,340989.34590911865,1,0
062,coxal_izquierdo,11,303740.19763565063,2,1
062,sacro,1,192853.9764328003,2,1
063,coxal_derecho,21,331464.5025215149,1,0
063,coxal_izquierdo,11,329648.4850692749,1,0
063,sacro,1,125834.19818115234,3,2
064,coxal_derecho,21,186595.665348903,3,2
064,coxal_izquierdo,11,305238.87815826293,1,0
064,sacro,1,130280.49034992253,3,2
065,coxal_derecho,21,264933.932149324,1,0
065,coxal_izquierdo,11,210407.24801920645,2,1
065,sacro,1,212477.83830211498,1,0
066,coxal_derecho,21,416131.10654067993,1,0
066,coxal_izquierdo,11,390946.449798584,4,3
066,sacro,1,221044.3281364441,2,1
067,coxal_derecho,21,275054.2847824289,2,1
067,coxal_izquierdo,11,299105.24760696496,1,0
067,sacro,1,167812.8015019359,2,1
068,coxal_derecho,21,333658.5495189702,3,2
068,coxal_izquierdo,11,366202.1489060497,1,0
068,sacro,1,162483.0517230789,3,2
069,coxal_derecho,21,249266.08438862298,2,1
069,coxal_izquierdo,11,230586.6561106349,3,2
069,sacro,1,206115.75510998603,2,1
070,coxal_derecho,21,285068.1246958789,1,0
070,coxal_izquierdo,11,270905.6684069013,2,1
070,sacro,1,142068.79412088342,2,1
071,coxal_derecho,21,238789.86605824623,1,0
071,coxal_izquierdo,11,227282.67047661942,2,1
071,sacro,1,117588.16088305949,2,1
072,coxal_derecho,21,332079.0023803711,1,0
072,coxal_izquierdo,11,280121.40197753906,2,1
072,sacro,1,206113.80157470703,1,0
073,coxal_derecho,21,150923.273563385,3,2
073,coxal_izquierdo,11,233953.73165607452,1,0
073,sacro,1,179354.6962738037,1,0
074,coxal_derecho,21,303943.04821409273,2,1
074,coxal_izquierdo,11,333442.0810433005,1,0
074,sacro,1,202520.85616480483,2,1
075,coxal_derecho,21,330990.3987426758,1,0
075,coxal_izquierdo,11,305108.64431762695,3,2
075,sacro,1,158948.9979171753,3,2
076,coxal_derecho,21,271094.14477589494,1,0
076,coxal_izquierdo,11,238315.1027595702,3,2
076,sacro,1,169588.2032868441,2,1
077,coxal_derecho,21,266648.23397379613,1,0
077,coxal_izquierdo,11,129961.6374481461,4,3
077,sacro,1,186412.96361314252,1,0
078,coxal_derecho,21,321359.0239229912,1,0
078,coxal_izquierdo,11,266124.48239792255,2,1
078,sacro,1,192945.1385559274,1,0
079,coxal_derecho,21,220134.15336608887,3,2
079,coxal_izquierdo,11,214713.24768066406,3,2
079,sacro,1,161181.56366348267,1,0
080,coxal_derecho,21,394741.5718231201,1,0
080,coxal_izquierdo,11,381052.1518058777,1,0
080,sacro,1,199878.5188331604,2,1
081,coxal_derecho,21,288136.38998197974,2,1
081,coxal_izquierdo,11,326759.1295482146,1,0
081,sacro,1,211998.71533683166,1,0
082,coxal_derecho,21,275471.98046875,2,1
082,coxal_izquierdo,11,297663.79296875,1,0
082,sacro,1,211863.9453125,1,0
083,coxal_derecho,21,265016.9776302867,2,1
083,coxal_izquierdo,11,247619.41199660604,3,2
083,sacro,1,150592.5295131316,1,0
084,coxal_derecho,21,282170.78046798706,2,1
084,coxal_izquierdo,11,301694.28119659424,4,3
084,sacro,1,128852.79493331909,2,1
085,coxal_derecho,21,256162.7878929703,2,1
085,coxal_izquierdo,11,112733.73761824318,4,3
085,sacro,1,184247.40607260968,2,1
086,coxal_derecho,21,252768.4001197815,2,1
086,coxal_izquierdo,11,242381.6784133911,3,2
086,sacro,1,95103.81324005127,2,1
087,coxal_derecho,21,350990.95634101256,1,0
087,coxal_izquierdo,11,265228.0957368745,4,3
087,sacro,1,97670.82384310398,3,2
088,coxal_derecho,21,299214.501919581,2,1
088,coxal_izquierdo,11,374386.33682879107,1,0
088,sacro,1,210840.4314620797,1,0
089,coxal_derecho,21,292368.8314666748,2,1
089,coxal_izquierdo,11,310939.04166793823,3,2
089,sacro,1,225678.52725601196,1,0
090,coxal_derecho,21,213039.32920025825,3,2
090,coxal_izquierdo,11,241270.95660967001,2,1
090,sacro,1,187948.36446867939,1,0
091,coxal_derecho,21,211119.9832763672,1,0
091,coxal_izquierdo,11,135728.8296508789,3,2
091,sacro,1,146131.42712402344,1,0
092,coxal_derecho,21,336045.6958656311,2,1
092,coxal_izquierdo,11,312634.0657196045,2,1
092,sacro,1,222527.26132965088,1,0
093,coxal_derecho,21,363677.9025115967,1,0
093,coxal_izquierdo,11,287661.96827697754,3,2
093,sacro,1,235136.53467941284,1,0
094,coxal_derecho,21,242058.43115968016,2,1
094,coxal_izquierdo,11,262553.7984593531,1,0
094,sacro,1,154002.93572932508,2,1
095,coxal_derecho,21,274838.6870727539,1,0
095,coxal_izquierdo,11,174900.076171875,3,2
095,sacro,1,160312.2885131836,1,0
096,coxal_derecho,21,189804.43498476362,3,2
096,coxal_izquierdo,11,223929.111320239,2,1
096,sacro,1,181891.92681305448,1,0
097,coxal_derecho,21,342249.4411468506,2,1
097,coxal_izquierdo,11,329606.3232421875,2,1
097,sacro,1,144375.80108642578,2,1
098,coxal_derecho,21,274121.39464754023,1,0
098,coxal_izquierdo,11,271669.7141285136,2,1
098,sacro,1,208889.05837615998,2,1
099,coxal_derecho,21,206151.03551101685,2,1
099,coxal_izquierdo,11,202946.29431152344,2,1
099,sacro,1,117447.05425643921,2,1
100,coxal_derecho,21,208210.72832753375,2,1
100,coxal_izquierdo,11,157144.7515010153,3,2
100,sacro,1,102710.46029590841,2,1
