stage,epoch,lr_end,p_pred,time_s,data_frac,train_det_total,train_det_obj,train_det_obj_pos,train_det_obj_neg,train_det_box,train_det_box_l1,train_det_box_iou,train_det_cls,train_det_mean_iou,train_total,grad_backbone,grad_det_head,grad_cbam,grad_total,cbam_gamma,val_det_loss,val_det_obj,val_det_box,val_det_cls,val_det_mean_iou,val_det_recall50,val_det_recall75,val_det_map50,val_det_ap50_c1,val_det_ap50_c2,val_det_ap50_c3,select_score,is_best
A_deteccion,1,0.0009999925535092182,0.0,123.7115886,0.3890007524315218,1.410986356021452,0.29776122475140276,0.15367494616657495,0.1440862783241565,0.38454809594830125,0.07818843600520843,0.3063596601212732,0.07823974195662271,0.6936403438514899,1.410986356021452,2.3270252346740676,,0.03582781399296051,inf,0.12095839530229568,1.1532682281237816,0.2859122329549827,0.3213521035527995,0.04424998286316399,0.7096832829635149,0.8585139318885449,0.5885448916408669,0.695722466158626,0.5163093543492695,0.7736901315732885,0.79716791255332,0.695722466158626,True
A_deteccion,2,0.0009700048476606228,0.0,121.21401359999999,0.3896153484793576,0.655943632521811,0.08769171705768106,0.030241454128618124,0.05745026295339776,0.21087793470009752,0.03866572766684398,0.1722122069227157,0.0019997100383194865,0.8277877988912449,0.655943632521811,1.0382851794554717,7.999932095674562,0.10673806946191391,8.855329534281855,0.26463332772254944,1.0767689525845494,0.16948709146307392,0.273113644382228,0.10185975139968009,0.7546913050146966,0.9024767801857585,0.6919504643962848,0.763595173263365,0.6095938180508846,0.8378464500935406,0.8433452516456701,0.763595173263365,True
A_deteccion,3,0.0008833206304738479,0.0,121.68022420000005,0.39202682933896,0.49760116411057903,0.059435157745456255,0.01937698834473424,0.040058169502392084,0.1610738287017449,0.028491960274199136,0.13258186840609812,0.0015501837961264763,0.8674181355006723,0.49760116411057903,0.7945182759980909,7.545180437925933,0.1274714597788324,7.935659595157789,0.3353644907474518,0.9076577039575389,0.2816483183340593,0.24422972671128074,0.03440061691088286,0.7874787065480822,0.9191950464396285,0.7362229102167183,0.8231894181911827,0.6999300404365179,0.8549087845963486,0.9147294295406817,0.8231894181911827,True
A_deteccion,4,0.0007505363245058293,0.0,141.27418840000007,0.42367439635980986,0.4127464150569416,0.046923846263765126,0.015010510991076692,0.0319133352973326,0.13459075415181945,0.023129978959602893,0.11146077528873094,0.00041785491488911493,0.8885392303800456,0.4127464150569416,0.722874863396047,7.156244853318953,0.13817733489665268,7.239114761352539,0.36311960220336914,1.001740541759687,0.35206738776369056,0.2464004035759349,0.0616888441191434,0.7905373189670392,0.9269349845201238,0.7622291021671826,0.8362841788592689,0.734610991705062,0.864318449720959,0.9099230951517856,0.8362841788592689,True
A_deteccion,5,0.0005874346411144509,0.0,131.37302750000003,0.40539782930996593,0.3560997896404579,0.03805414393735576,0.011717597999138983,0.026336545908313816,0.11654211437549075,0.01970728107483066,0.09683483323631717,0.0003067686756132616,0.9031651727492246,0.3560997896404579,0.6684369099756521,5.936088850905436,0.12393545076584048,5.978362104167109,0.3994368314743042,0.9137854127544659,0.29447001529776534,0.226734506636269,0.05950695576970815,0.8016877724614098,0.9281733746130031,0.7770897832817337,0.8490675206532067,0.7515348514266267,0.8777079385520645,0.9179597719809289,0.8490675206532067,True
A_deteccion,6,0.00041393956956990225,0.0,127.17369170000006,0.3938071934031638,0.3088737513450947,0.03131462760480819,0.009231772131688293,0.022082855500135674,0.10141541463041644,0.01676463169368286,0.08465078287321556,0.00017946311820729862,0.915349223795351,0.3088737513450947,0.6032920569057364,6.380083383003863,0.13665425322013408,6.509081384410029,0.40559786558151245,0.9800101095508681,0.4199671086586511,0.22492095750311147,0.0662829782465922,0.8032248529580853,0.9287925696594427,0.7792569659442724,0.8668565698052073,0.7708943941338042,0.8908194992618066,0.9388558160200112,0.8668565698052073,True
A_deteccion,7,0.000250672693245617,0.0,127.45515480000006,0.3949965661491232,0.2658165160985622,0.02602315997165373,0.0075719614852049885,0.01845119847603426,0.08744792087519981,0.014327310174175656,0.07312061072742126,0.0001216175468462331,0.9268793930407643,0.2658165160985622,0.6274139518137715,5.339884972864642,0.1429579573531429,5.381302719530852,0.417071133852005,0.9972694954853284,0.48288554339540807,0.2269911420910726,0.057570347071141226,0.8065690983475144,0.9371517027863777,0.7808049535603715,0.8726521293250724,0.7744311455376767,0.9077287850628564,0.9357964573746842,0.8726521293250724,True
A_deteccion,8,0.00011757818086152623,0.0,133.83793509999987,0.40996313621403857,0.22553843988371275,0.022047097581060087,0.006232771641583874,0.01581432592895862,0.07422183733186012,0.01209565533689686,0.06212618209890183,7.55859138293649e-05,0.9378738242298021,0.22553843988371275,0.6280508578548066,5.398322208671322,0.14924871237851828,5.43891455816186,0.42590585350990295,1.0279287085702769,0.5695327446865941,0.2219430767264762,0.06025058667924579,0.8077590525409069,0.9318885448916409,0.7900928792569659,0.869729285562125,0.7670031640900681,0.9045022351322132,0.937682457464094,0.869729285562125,
A_deteccion,9,3.0475614837124097e-05,0.0,124.57753549999984,0.4016563995962737,0.1951495799886853,0.019734448644409305,0.005482401167379941,0.014252047468986498,0.06412815041279138,0.010413530664609216,0.05371461972013525,4.930595326752768e-05,0.9462853859123453,0.1951495799886853,0.6183845793501518,4.934141995442373,0.12509960341968965,4.978012717288474,0.4297788143157959,1.0531603843327095,0.6106057702317068,0.22125892271637446,0.0643501568944083,0.8075322270141105,0.9331269349845202,0.798452012383901,0.8740160458412055,0.7724797667121013,0.9125685477362514,0.9369998230752636,0.8740160458412055,True
A_deteccion,10,5.171011134749462e-09,0.0,122.86290360000021,0.3964367243020863,0.17710907942061935,0.018764223414246387,0.0051557233367272816,0.01360850009953387,0.058067640416700296,0.00946045444496273,0.04860718593997856,4.008549688239269e-05,0.9513928180674307,0.17710907942061935,0.622065035490359,4.945326494397949,0.14970265867456642,4.990462614142376,0.43061593174934387,1.0525506323034113,0.6318283055139624,0.2211907541327797,0.05933811985036329,0.809288910543133,0.934984520123839,0.7969040247678019,0.8752590862491157,0.773328540670479,0.9134916334425445,0.9389570846343236,0.8752590862491157,True
