stage,epoch,lr_end,p_pred,time_s,data_frac,train_det_total,train_det_obj,train_det_obj_pos,train_det_obj_neg,train_det_box,train_det_box_l1,train_det_box_iou,train_det_cls,train_det_mean_iou,train_seg_total,train_seg_semantic,train_seg_center,train_seg_offset,train_total,grad_det_head,grad_seg_decoder,grad_cbam,grad_backbone,grad_total,cbam_gamma,trunk_grad_det,trunk_grad_seg,val_det_loss,val_det_obj,val_det_box,val_det_cls,val_det_mean_iou,val_det_recall50,val_det_recall75,val_det_map50,val_det_ap50_c1,val_det_ap50_c2,val_det_ap50_c3,val_seg_loss_gt,val_seg_dice_gt_c1,val_seg_iou_gt_c1,val_seg_dice_gt_c2,val_seg_iou_gt_c2,val_seg_dice_gt_c3,val_seg_iou_gt_c3,val_seg_dice_gt,val_inst_recall50_gt,val_seg_dice_pred_c1,val_seg_iou_pred_c1,val_seg_dice_pred_c2,val_seg_iou_pred_c2,val_seg_dice_pred_c3,val_seg_iou_pred_c3,val_seg_dice_pred,val_inst_recall50_pred,val_inst_n_gt,select_score,is_best
C_conjunto,1,0.0002999994415121083,0.0,197.2267198000045,0.19053945054679602,0.20277388098231452,0.01984417816480511,0.005578518026470033,0.01426566011570163,0.06675309098537671,0.010862362028682807,0.05589072895958109,3.0339279562412027e-05,0.9441092755015282,0.00664899963019391,0.003252408720274102,0.002918702534559134,0.0004778883772424981,0.20942288078862656,,0.07908164922230873,0.10258273636946683,0.6359137276728845,inf,0.4105582535266876,11.111479759216309,12.243816375732422,0.9164503380243957,0.4260954147020701,0.22596800185946136,0.032088282452815135,0.805146134912256,0.9325077399380804,0.7820433436532508,0.8794363666215975,0.774765759344085,0.9144833243207982,0.9490600161999094,0.06323360053623618,0.900285448473429,0.8186537563076671,0.9410151652315681,0.8886011719302288,0.9490037047888434,0.9029562797822978,0.9301014394979469,0.5520581113801453,0.8910269241295921,0.8034702947411461,0.9394225233910625,0.8857651082641763,0.9475453699155999,0.9003194463970507,0.9259982724787514,0.5326876513317191,413,0.9027173195501745,True
C_conjunto,2,0.00029098562610959587,0.05555555555555555,215.4804243000035,0.17505429957366175,0.23327124223073464,0.02030675886801062,0.005761647947799526,0.014545110925830789,0.07719965761179308,0.012503113044942239,0.06469654452890501,2.518141688099252e-05,0.9353034612454599,0.008420086292132563,0.0037358158863618957,0.004164887730368769,0.0005193826669723578,0.2416913284465631,5.788671859191506,0.055758704654975906,0.1291022274299373,0.6813852445100121,5.832650951717211,0.41263091564178467,12.180521965026855,0.3048315942287445,0.9411949719364935,0.547371117323048,0.22090375027637707,0.024031215282820814,0.8103271783498938,0.9362229102167182,0.7931888544891641,0.8851652571061194,0.7918881765927352,0.908108296689927,0.9554992980356959,0.08726014560787927,0.9074712256281492,0.8306154006331774,0.9440480207775734,0.8940255232749732,0.9552141734717355,0.9142679286201957,0.9355778066258194,0.6755447941888619,0.8981952478643976,0.8152036430442389,0.9428424315691797,0.8918655645332766,0.9538880790570012,0.9118413240116182,0.9316419194968596,0.6585956416464891,413,0.9084035883014895,True
C_conjunto,3,0.0002649664060308257,0.1111111111111111,222.67233960000158,0.16857423235930194,0.22275209796439238,0.018717748666903133,0.005293114397586534,0.013424634264057801,0.07382803379605046,0.011898308365454814,0.06192972548009021,2.0014009622924638e-05,0.9380702783936837,0.007037148535609628,0.0032451800559461777,0.0033204756571768566,0.0004714928192127351,0.22978924651711888,4.949052258924261,0.050223226605722,0.13334415561702698,0.6377952772817997,4.9950429874917734,0.4201400578022003,6.568506717681885,17.348535537719727,0.9298759714888019,0.5242483431672155,0.22300449312911202,0.020693928470540694,0.8108905283064604,0.9337461300309597,0.7996904024767801,0.875967309509741,0.7674987895635178,0.9031206524936524,0.9572824864720526,0.15241287493923672,0.9194476006041403,0.8509051491794442,0.9596640339329091,0.9224558846704534,0.963197063920889,0.9290068829891839,0.9474362328193129,0.6585956416464891,0.9140410470856739,0.841690235742994,0.9584064815386082,0.9201348362404705,0.9621203397848807,0.9270056796232655,0.9448559561363875,0.6537530266343826,413,0.9104116328230643,True
C_conjunto,4,0.00022508061303014618,0.16666666666666666,226.48532749999868,0.16716839526835803,0.21107132779063115,0.017330846925776706,0.004832750423073082,0.012498096543536633,0.0700228634901655,0.01127017113818161,0.05875269233507324,1.617101532799256e-05,0.9412473112318345,0.006312137269608815,0.003026022414525887,0.0028577155916785788,0.0004283992657630743,0.21738346513654405,4.935610632433534,0.03952502107343784,0.10781934921828659,0.6019362988814688,4.976363824761433,0.429322212934494,11.936924934387207,14.191878318786621,0.9861257426823552,0.6046456450132631,0.2208286520049506,0.03329341337356738,0.8081253847725716,0.9309597523219815,0.7962848297213623,0.8794310623067938,0.7777818636009044,0.910074156471848,0.950437166847629,0.13837200051372348,0.9181936345076133,0.8487596891609113,0.9628902691916016,0.9284362498855885,0.9673195921936748,0.936707605645881,0.9494678319642965,0.6634382566585957,0.910441536500754,0.8356059514023352,0.9614063514900928,0.9256809464119518,0.965802875030362,0.9338672983245009,0.9458835876737363,0.6634382566585957,413,0.912657324990265,True
C_conjunto,5,0.00017618472861620485,0.2222222222222222,228.51693520000117,0.16468552940093867,0.1968696794090702,0.01582003633827433,0.004444714954128675,0.011375321410027183,0.06536692545887007,0.010485433551018433,0.05488149193837328,1.3976759868374338e-05,0.9451185150205614,0.0057719973999878224,0.002874193233796672,0.0024928464785224837,0.0004049576897051621,0.20264167718067963,4.5047091435313575,0.040663583717398664,0.10899398607577913,0.650197536271206,4.556596403536589,0.4310469627380371,9.941354751586914,12.779950141906738,0.9997847040651344,0.6372497914866968,0.2216335857338585,0.03148393392980612,0.8095284442956066,0.9343653250773993,0.7990712074303405,0.8814214973136455,0.7766882977042329,0.9129888891971623,0.9545873050395417,0.14031934162138007,0.9241028007082824,0.858913659517504,0.9621477033672802,0.9270564862542955,0.9651105117843759,0.9325734996578597,0.9504536719533129,0.711864406779661,0.9178786521896775,0.8482215548625939,0.9606497759669592,0.9242791830450602,0.9638896794948967,0.9302963790815257,0.9474727025505111,0.711864406779661,413,0.9144470999320783,True
C_conjunto,6,0.0001240905061032793,0.2777777777777778,230.33547640000324,0.1620881808344762,0.18119140225400748,0.014461786131497449,0.003943681187894314,0.010518104939014578,0.0601789608756138,0.009658932383110346,0.050520028445483624,9.846462353208864e-06,0.9494799777825814,0.0048667276447244565,0.0026404215176560916,0.0018625082068666617,0.00036379792497070974,0.18605812986119855,4.973348987212221,0.039362039166731755,0.1403134241836083,0.6633982347051876,5.022017002105713,0.4337998032569885,9.187058448791504,9.415390014648438,1.036473222212358,0.710495204312852,0.22118228282853078,0.033604324145596685,0.8083878573250585,0.934984520123839,0.7953560371517028,0.8846032298404656,0.7883035333854649,0.911896853409865,0.9536093027260668,0.15940505609232858,0.9216310872851999,0.8546528710337062,0.9637179678475333,0.9299765295030636,0.9669415827055419,0.9359989391867366,0.9507635459460917,0.6731234866828087,0.9150061501922666,0.8433284210361289,0.9623079112721501,0.9273540019485775,0.9654884210715672,0.9332794728809501,0.9476008275119946,0.6707021791767555,413,0.91610202867623,True
C_conjunto,7,7.516161206307387e-05,0.3333333333333333,231.49691099999472,0.16100937628380596,0.16600308388445206,0.01336508482674828,0.0036543124861973175,0.00971077235132634,0.05511705186036543,0.008853992771033933,0.04626305907984504,7.728490088215583e-06,0.9537369453136217,0.004469617672282724,0.002536482791510387,0.0015907258563943082,0.00034240901737918946,0.17047270146537608,4.789323345327332,0.03835668225191338,0.12991147182754698,0.6356918215213476,4.836801311244136,0.43813398480415344,9.249064445495605,16.745702743530273,1.0011829266906256,0.6578282514675392,0.2199705048512093,0.029885443665222573,0.8107611729349898,0.9346749226006192,0.7978328173374613,0.8892254839465269,0.7935619667538714,0.9204454243739091,0.9536690607118001,0.2092960300181694,0.9245165870249309,0.8596288663043864,0.9616522359187147,0.9261369544813056,0.9657915562075977,0.9338461332476435,0.9506534597170812,0.6537530266343826,0.9186127843931885,0.8494762755982062,0.9604378793726536,0.9238869523189787,0.964442970335559,0.9313277228662863,0.9478312113671338,0.6343825665859564,413,0.9185283476568303,True
C_conjunto,8,3.521372332627525e-05,0.3888888888888889,232.3388221999994,0.16051034432669886,0.15267393843619775,0.01251326623414804,0.0033610961382958683,0.009152170091263614,0.05065694257148448,0.00817323445843201,0.04248370809614183,6.254929421638703e-06,0.9575162979223962,0.004034661594283354,0.002428177041636798,0.0012812737965411066,0.00032521076017843874,0.15670860011008486,4.909079667990388,0.034209818037271356,0.11480616712022677,0.6578851711226941,4.958850788033527,0.4397156238555908,8.941555976867676,16.96987533569336,1.0664932801318263,0.7869638187332233,0.22108143261770014,0.03120874003353095,0.8089529308172869,0.93343653250774,0.7953560371517028,0.8847139803987029,0.7864013780793154,0.9130313179794601,0.9547092451373332,0.28752895493148695,0.9218340485891565,0.8550020035254151,0.960781664649457,0.9245233960632265,0.9648854197869009,0.9321532497284116,0.9491670443418382,0.6440677966101694,0.9161644908671766,0.8452984637864462,0.9594866028423202,0.922128062419286,0.9635560152908323,0.9296749554306227,0.9464023696667764,0.6416464891041163,413,0.9155581750327396,
C_conjunto,9,9.126748487381814e-06,0.4444444444444444,234.11284460000024,0.16000262956976166,0.1426638964665897,0.012106432532850386,0.0032587039064621327,0.008847728649408377,0.04727046673769334,0.007668609223167673,0.039601857487716115,5.211454114493667e-06,0.9603981452245856,0.003720139084834246,0.0023684375025406217,0.0010374885624878033,0.0003142130190969145,0.14638403531220023,4.729859729213621,0.029334257066563653,0.13974930196179383,0.6823047411930415,4.784813590671705,0.4411729574203491,10.228748321533203,15.155081748962402,1.0600362291449144,0.7808960523875983,0.2206483575195192,0.03002157260765583,0.8104195539167083,0.9352941176470588,0.798452012383901,0.888003693719428,0.7938540424829842,0.9141721355969765,0.9559849030783234,0.3668132496106884,0.9228482680483241,0.8567486275830689,0.960976763519159,0.9248847665563048,0.9654042946105623,0.9331222714163203,0.9497431087260152,0.6561743341404358,0.9171277400490373,0.8469399152311547,0.95965363575306,0.9224366698755276,0.9641072788846863,0.930701856700626,0.9469628848955945,0.6343825665859564,413,0.9174832893075113,
C_conjunto,10,1.3792364324405686e-09,0.5,236.23180790000333,0.15729797777440205,0.1367961701180578,0.011907924920035092,0.0032113155084983855,0.008696609410763355,0.045278752516324905,0.007388099668790034,0.03789065287764406,4.994030369391355e-06,0.9621093519183784,0.0036152053132126943,0.002345181913325436,0.000958974120503892,0.00031104927849401104,0.1404113755738767,3.9883646257946075,0.02130301941016469,0.14917577006596294,0.6290872535980592,4.043207469193832,0.44138842821121216,9.525588035583496,16.86876106262207,1.0618598221790179,0.7832972524039771,0.2207628078611472,0.030212271927018718,0.8098539947718347,0.9343653250773993,0.7962848297213623,0.886685058170288,0.7922336190497368,0.9143692238245139,0.9534523316366131,0.3820388717635759,0.92334664355893,0.857608103885077,0.9624472971135034,0.927612924563689,0.9661653744513543,0.9345453814130282,0.9506531050412624,0.6658595641646489,0.9176113274635963,0.8477650872983749,0.9611785146131149,0.9252586013420258,0.9648527130278297,0.932092200956297,0.9478808517015137,0.639225181598063,413,0.9172829549359008,
