stage,epoch,lr_end,p_pred,time_s,data_frac,train_seg_total,train_seg_semantic,train_seg_center,train_seg_offset,train_total,grad_seg_decoder,grad_total,cbam_gamma,val_det_loss,val_det_obj,val_det_box,val_det_cls,val_det_mean_iou,val_det_recall50,val_det_recall75,val_det_map50,val_det_ap50_c1,val_det_ap50_c2,val_det_ap50_c3,val_seg_loss_gt,val_seg_dice_gt_c1,val_seg_iou_gt_c1,val_seg_dice_gt_c2,val_seg_iou_gt_c2,val_seg_dice_gt_c3,val_seg_iou_gt_c3,val_seg_dice_gt,val_inst_recall50_gt,val_seg_dice_pred_c1,val_seg_iou_pred_c1,val_seg_dice_pred_c2,val_seg_iou_pred_c2,val_seg_dice_pred_c3,val_seg_iou_pred_c3,val_seg_dice_pred,val_inst_recall50_pred,val_inst_n_gt,select_score,is_best
B_decoder,1,0.0009999999761018045,0.0,258.9337092999999,0.18385715430233096,0.26867505843669465,0.2059487301915673,0.06021239969176566,0.0025139282558272543,0.26867505843669465,1.4162926904360946,1.7011244148015976,0.43061593174934387,1.0525506323034113,0.6318283055139624,0.2211907541327797,0.05933811985036329,0.809288910543133,0.934984520123839,0.7969040247678019,0.8752590862491157,0.773328540670479,0.9134916334425445,0.9389570846343236,0.08548937767390677,0.6690540973918445,0.5026906774202836,0.7448732518930473,0.5934645668387706,0.7572727622311917,0.6093636151331153,0.7237333705053611,0.11138014527845036,0.6587405988732642,0.4911358670216096,0.7412305141510349,0.588853259062853,0.755200643137676,0.6066846347360396,0.718390585387325,0.1089588377723971,413,0.7237333705053611,True
B_decoder,2,0.0009697935356221757,0.0,259.6144818999999,0.1828628302220119,0.041817859945318885,0.02483620953418651,0.015990101628787518,0.000991548781545727,0.041817859945318885,0.22212039287715446,0.2221203958210738,0.43061593174934387,1.0525506323034113,0.6318283055139624,0.2211907541327797,0.05933811985036329,0.809288910543133,0.934984520123839,0.7969040247678019,0.8752590862491157,0.773328540670479,0.9134916334425445,0.9389570846343236,0.08231121410023082,0.6890614899346736,0.5256245694547005,0.8233870458345939,0.6997943061222184,0.8204829035460826,0.695609165829618,0.7776438131051168,0.26150121065375304,0.6811387364115811,0.5164597332689166,0.820143292103518,0.6951210995492136,0.8176339567252451,0.6915235441476947,0.7729719950801147,0.2639225181598063,413,0.7776438131051168,True
B_decoder,3,0.000882923302561873,0.0,259.8285821999998,0.1825957856790943,0.03038431730276457,0.01845533224903344,0.011241403369990279,0.0006875816746410708,0.03038431730276457,0.14772525649650464,0.14772525721270105,0.43061593174934387,1.0525506323034113,0.6318283055139624,0.2211907541327797,0.05933811985036329,0.809288910543133,0.934984520123839,0.7969040247678019,0.8752590862491157,0.773328540670479,0.9134916334425445,0.9389570846343236,0.09863583935579293,0.739527062071607,0.5867060210646261,0.844868028015239,0.7314038988667044,0.8590073780662659,0.7528597131596131,0.8144674893843705,0.4043583535108959,0.7268052311680031,0.5708515687939556,0.8418933540025978,0.7269566726970378,0.8561776068248831,0.7485232077405254,0.8082920639984946,0.38498789346246975,413,0.8144674893843705,True
B_decoder,4,0.0007498671090960646,0.0,259.6697565999998,0.18131200861456068,0.027020301773774614,0.016882886460085587,0.009501930378192658,0.0006354849392342388,0.027020301773774614,0.11844852438880482,0.11844852453340655,0.43061593174934387,1.0525506323034113,0.6318283055139624,0.2211907541327797,0.05933811985036329,0.809288910543133,0.934984520123839,0.7969040247678019,0.8752590862491157,0.773328540670479,0.9134916334425445,0.9389570846343236,0.08245452446016398,0.7096115258585168,0.5499208494795593,0.8323159740091755,0.7127921213985295,0.8459328307954763,0.733001382734561,0.7959534435543896,0.3075060532687651,0.6992010068379713,0.5375165652137602,0.8290493047367603,0.7080138455790258,0.8423376012916279,0.7276193838820726,0.7901959709554532,0.29055690072639223,413,0.7959534435543896,
B_decoder,5,0.0005866734958570028,0.0,265.3092749000002,0.19142459879482213,0.024355400774373853,0.015776761262236285,0.008001458154293395,0.0005771813453158629,0.024355400774373853,0.09704370946330383,0.09704371136815651,0.43061593174934387,1.0525506323034113,0.6318283055139624,0.2211907541327797,0.05933811985036329,0.809288910543133,0.934984520123839,0.7969040247678019,0.8752590862491157,0.773328540670479,0.9134916334425445,0.9389570846343236,0.1104723808911478,0.6042402916888551,0.43291140164805275,0.840485239861736,0.7248594573832885,0.8647787488956146,0.761771106781454,0.7698347601487353,0.2711864406779661,0.5936244832882099,0.4220952912179159,0.837486577072012,0.7204102426298523,0.8610578658489274,0.7560154638503471,0.7640563087363832,0.2542372881355932,413,0.7698347601487353,
B_decoder,6,0.0004130260210825394,0.0,261.2474109,0.18379350710474887,0.0197757929357295,0.013787993406043763,0.00551958978002886,0.00046820975128091885,0.0197757929357295,0.05353408118228692,0.05353408144867938,0.43061593174934387,1.0525506323034113,0.6318283055139624,0.2211907541327797,0.05933811985036329,0.809288910543133,0.934984520123839,0.7969040247678019,0.8752590862491157,0.773328540670479,0.9134916334425445,0.9389570846343236,0.1531763915016717,0.7628422334663485,0.6166086930074642,0.8694334943834611,0.7690246350517234,0.8809944261507274,0.7873011955786695,0.837756718000179,0.46246973365617433,0.7503159055878109,0.6004044613696834,0.8667426167732889,0.7648241516904327,0.878180924786933,0.782818677441494,0.8317464823826777,0.4406779661016949,413,0.837756718000179,True
B_decoder,7,0.0002501368909039354,0.0,260.7471921000001,0.18261211139779973,0.017417636312267178,0.01273525703040119,0.00427084142322412,0.0004115378325283313,0.017417636312267178,0.08223973611207111,0.08223973643844543,0.43061593174934387,1.0525506323034113,0.6318283055139624,0.2211907541327797,0.05933811985036329,0.809288910543133,0.934984520123839,0.7969040247678019,0.8752590862491157,0.773328540670479,0.9134916334425445,0.9389570846343236,0.20996525935504748,0.7672896934931712,0.6224412089710395,0.8631925326613353,0.7593128629618536,0.8818160365203664,0.7886144546164632,0.8374327542249577,0.39709443099273606,0.7554687841364545,0.6070308036526474,0.860538620779509,0.7552152591325264,0.8790935153435332,0.7842701664920387,0.8317003067531656,0.36803874092009686,413,0.8374327542249577,
B_decoder,8,0.00011708069743812706,0.0,263.54783829999997,0.1913101211925852,0.015428510682609517,0.011926423048021469,0.0031337350176109465,0.00036835264611959973,0.015428510682609517,0.04682506258537837,0.04682506248354912,0.43061593174934387,1.0525506323034113,0.6318283055139624,0.2211907541327797,0.05933811985036329,0.809288910543133,0.934984520123839,0.7969040247678019,0.8752590862491157,0.773328540670479,0.9134916334425445,0.9389570846343236,0.22536512420111493,0.758006597114566,0.6103145116178104,0.8704356600929375,0.7705941391214197,0.8818725883765004,0.7887049178912788,0.8367716151946679,0.36803874092009686,0.7482670301978767,0.5977848696564766,0.8678385371600715,0.7665324829050214,0.8790471202960258,0.784196317447499,0.8317175625513248,0.34624697336561744,413,0.8367716151946679,
B_decoder,9,3.0210464377824318e-05,0.0,260.01634820000027,0.18197357827063843,0.013671226053357625,0.011189601815943305,0.002147554815169407,0.000334069413145133,0.013671226053357625,0.041551631614878806,0.04155163199681303,0.43061593174934387,1.0525506323034113,0.6318283055139624,0.2211907541327797,0.05933811985036329,0.809288910543133,0.934984520123839,0.7969040247678019,0.8752590862491157,0.773328540670479,0.9134916334425445,0.9389570846343236,0.33844409145620974,0.7616942412616999,0.615109988697609,0.8725302234790103,0.773883470447748,0.8884052492453383,0.7992168446659178,0.8408765713286828,0.35108958837772397,0.7526016608415124,0.6033370714195659,0.8702639379520153,0.7703250052710555,0.8857404280737372,0.7949139055117329,0.8362020089557549,0.34382566585956414,413,0.8408765713286828,True
B_decoder,10,4.023898195586161e-09,0.0,260.01419259999966,0.18096895579862063,0.012983515915981403,0.01091162026657717,0.0017478425903130318,0.0003240530515896805,0.012983515915981403,0.03341971557220932,0.03341971556453601,0.43061593174934387,1.0525506323034113,0.6318283055139624,0.2211907541327797,0.05933811985036329,0.809288910543133,0.934984520123839,0.7969040247678019,0.8752590862491157,0.773328540670479,0.9134916334425445,0.9389570846343236,0.3828651505967845,0.7648628948743139,0.6192534348617779,0.8732582803745308,0.7750296852989549,0.8887249146907471,0.7997344009952557,0.8422820299798639,0.387409200968523,0.7554035946581084,0.6069466305831073,0.8709129452842476,0.7713426007735956,0.8861251692236718,0.7955338829283686,0.8374805697220092,0.36803874092009686,413,0.8422820299798639,True
