stage,epoch,lr_end,p_pred,time_s,data_frac,train_det_total,train_det_obj,train_det_obj_pos,train_det_obj_neg,train_det_box,train_det_box_l1,train_det_box_iou,train_det_cls,train_det_mean_iou,train_total,grad_det_head,grad_cbam,grad_backbone,grad_total,cbam_gamma,val_det_loss,val_det_obj,val_det_box,val_det_cls,val_det_mean_iou,val_det_recall50,val_det_recall75,val_det_map50,val_det_ap50_c1,val_det_ap50_c2,val_det_ap50_c3,select_score,is_best,train_seg_total,train_seg_semantic,train_seg_center,train_seg_offset,grad_seg_decoder,val_seg_loss_gt,val_seg_dice_gt_c1,val_seg_iou_gt_c1,val_seg_dice_gt_c2,val_seg_iou_gt_c2,val_seg_dice_gt_c3,val_seg_iou_gt_c3,val_seg_dice_gt,val_inst_recall50_gt,val_seg_dice_pred_c1,val_seg_iou_pred_c1,val_seg_dice_pred_c2,val_seg_iou_pred_c2,val_seg_dice_pred_c3,val_seg_iou_pred_c3,val_seg_dice_pred,val_inst_recall50_pred,val_inst_n_gt,trunk_grad_det,trunk_grad_seg
A_deteccion,1,0.0009999925535092182,0.0,53.5604841999957,0.13877679438271376,1.4086059630181116,0.2963324754545919,0.15424009071097133,0.14209238506244798,0.38394404213918426,0.07845236553395607,0.30549167658873,0.07825382453757788,0.6945083290206531,1.4086059630181116,,0.033790645502947504,2.1476324152619277,inf,0.11465141922235489,1.1269786638704684,0.24693897298202214,0.31844301987071283,0.044286671037907184,0.7214327077715683,0.8727554179566563,0.6207430340557275,0.7128788563199291,0.5602447075626354,0.7467037635619487,0.8316880978352033,0.7128788563199291,True,,,,,,,,,,,,,,,,,,,,,,,,,
A_deteccion,2,0.0009700048476606228,0.0,53.4761703999975,0.1430567970698862,0.6535437966839628,0.08873397059758434,0.030931836167767814,0.05780213441538061,0.20970695935011543,0.03829897862782354,0.17140798054246167,0.0022541710923250973,0.8285920250933185,0.6535437966839628,8.707869054403139,0.09010347009352489,0.9546624434508387,10.997687961744225,0.23586565256118774,0.9988123505483032,0.18235416865867118,0.2738320611682334,0.05951547966018437,0.763608315696838,0.9065015479876161,0.7167182662538699,0.7764514346678562,0.6624461473314674,0.806979701977057,0.8599284546950436,0.7764514346678562,True,,,,,,,,,,,,,,,,,,,,,,,,,
A_deteccion,3,0.0008833206304738479,0.0,54.171766400002525,0.1366498904765606,0.49074988620169296,0.060908981113042104,0.020050038158542175,0.04085894292624679,0.15905417930879245,0.028074730017723183,0.13097944949399695,0.000726413957642035,0.86902055553465,0.49074988620169296,7.035034422723593,0.14001032927263998,0.8391566589877649,7.303191972815472,0.3155547082424164,0.9479951338334517,0.2731137190176093,0.2563647705575694,0.03886943968222752,0.7785095903911835,0.9173374613003096,0.7362229102167183,0.8285438205968623,0.7296319288501469,0.8343674292026715,0.9216321037377682,0.8285438205968623,True,,,,,,,,,,,,,,,,,,,,,,,,,
A_deteccion,4,0.0007505363245058293,0.0,53.74276689999533,0.1341744459567667,0.4124705280161622,0.04823784621892723,0.015500732128977762,0.032737114061696326,0.13427938283994412,0.02294032320551792,0.11133905937045523,0.0004290123026803292,0.8886609438037957,0.4124705280161622,6.8396224721111425,0.1115123839762743,0.753255522006998,7.028746874436088,0.346449077129364,0.9367002110236247,0.2587078903856956,0.2454988060261421,0.052092621424474676,0.7898883267124464,0.9281733746130031,0.7597523219814242,0.8315096523949613,0.6998728610486004,0.8732482414328433,0.9214078547034401,0.8315096523949613,True,,,,,,,,,,,,,,,,,,,,,,,,,
A_deteccion,5,0.0005874346411144509,0.0,54.311890299999504,0.13517634570816328,0.355899505482193,0.03912129805508285,0.01203333884452868,0.02708795917962007,0.11632514141163433,0.01956067918952426,0.09676446227490426,0.00027625032014982627,0.9032355408630506,0.355899505482193,6.473467270020977,0.10334799064544478,0.6561307212340757,6.564173169758009,0.370033323764801,0.8535025325217266,0.259493912314709,0.22834602928915515,0.035434394630901665,0.7978033545432419,0.9185758513931889,0.7721362229102167,0.8542378133954079,0.7530027321191097,0.8813182366818352,0.9283924713852787,0.8542378133954079,True,,,,,,,,,,,,,,,,,,,,,,,,,
A_deteccion,6,0.00041378729083631476,0.0,53.8629637999984,0.13291040228225756,0.30984205158016553,0.03208545406173298,0.009550712428647988,0.022534741632363194,0.10163692598774753,0.01676881753413074,0.08486810835710239,0.00016534338349937788,0.9151318974997534,0.30984205158016553,5.99731358165065,0.10083201657390953,0.6423977064649329,6.033764279407004,0.3862813413143158,0.8767893125888387,0.3375846763726751,0.22434452239703756,0.034926709535049935,0.8058441948427529,0.9291021671826626,0.7857585139318886,0.8711365266095618,0.7645087215873656,0.9044326738120267,0.944468184429293,0.8711365266095618,True,,,,,,,,,,,,,,,,,,,,,,,,,
A_deteccion,7,0.00025053870687691287,0.0,54.472417900004075,0.13572241226284185,0.2652888054125493,0.026834835332180673,0.0077787655391470525,0.019056069799942236,0.08715092655736541,0.014256320529154595,0.07289460600676317,0.00010201260343727905,0.9271053989129958,0.2652888054125493,5.752947796876105,0.10826612657144634,0.6131887599066826,5.788949790208236,0.39652112126350403,0.8850782965482931,0.37996365834660684,0.22653109348809766,0.026283161086231615,0.8053330788970801,0.93343653250774,0.7876160990712074,0.8773700098616611,0.7721627720101403,0.9130476315323216,0.9468996260425214,0.8773700098616611,True,,,,,,,,,,,,,,,,,,,,,,,,,
A_deteccion,8,0.00011747861102457796,0.0,55.63284669999848,0.13887023998254552,0.22645272849089704,0.02255664314856906,0.006374488444153328,0.016182154697094664,0.07446504660788841,0.012113420282836188,0.06235162635969841,6.306914182064339e-05,0.937648378028819,0.22645272849089704,5.297305451532269,0.09874065437251565,0.6307870976075645,5.338161852048791,0.40324831008911133,0.9061397957707582,0.4383204599113568,0.22150690819434968,0.030611984355256916,0.8082336605777077,0.934984520123839,0.7944272445820434,0.8839842681560737,0.7919823414761467,0.9095592652133925,0.9504111977786818,0.8839842681560737,True,,,,,,,,,,,,,,,,,,,,,,,,,
A_deteccion,9,3.0475614837124097e-05,0.0,54.89111520000006,0.13365853872188674,0.19557216007219574,0.02019410636572974,0.005575282315961172,0.01461882404306618,0.06420620946268046,0.01040206349473793,0.053804145891638434,4.1801773723851795e-05,0.946195859841481,0.19557216007219574,4.950072131737186,0.1054798256439772,0.6202320183303375,4.991769593694936,0.40758055448532104,0.922096604509316,0.48917731090850036,0.2194734838169083,0.029853162728830953,0.8112905888563898,0.9374613003095975,0.7990712074303405,0.8850938574650945,0.7879451870396351,0.9158575525715584,0.9514788327840902,0.8850938574650945,True,,,,,,,,,,,,,,,,,,,,,,,,,
A_deteccion,10,4.860334800350873e-09,0.0,54.25096900000062,0.1299172953188931,0.17720915947317337,0.01922574369162585,0.005271049506654608,0.013954694203428588,0.05803280302956106,0.00945478924232526,0.048578013798784535,3.4572654795594143e-05,0.9514219927196486,0.17720915947317337,4.98401849089811,0.12242799297883993,0.6324783476418498,5.027666091918945,0.40836822986602783,0.9233638090578463,0.5007916415515153,0.2197266041525739,0.027483979210662684,0.8107939419916541,0.9371517027863777,0.7981424148606812,0.8839856593289097,0.7873113331991484,0.9138255067050387,0.9508201380825421,0.8839856593289097,,,,,,,,,,,,,,,,,,,,,,,,,,
B_decoder,1,0.0009999999761018045,0.0,163.43682960000297,0.24117879258945688,,,,,,,,,,0.2580152704331783,,,,1.1628484868484994,0.40758055448532104,0.922096604509316,0.48917731090850036,0.2194734838169083,0.029853162728830953,0.8112905888563898,0.9374613003095975,0.7990712074303405,0.8850938574650945,0.7879451870396351,0.9158575525715584,0.9514788327840902,0.8608025518158424,True,0.2580152704331783,0.17576482469270432,0.0760293816471187,0.006221063799687568,1.1628484714374512,0.058675024785071965,0.8028245955788939,0.6705989720588184,0.8963157442612395,0.8121124674930539,0.8832673156073941,0.7909388951822482,0.8608025518158424,0.4745762711864407,0.7940487261337678,0.6584417988863505,0.8933142745291216,0.8071977924437669,0.8802121352063998,0.7860525755640698,0.8558583786230963,0.45278450363196127,413.0,,
B_decoder,2,0.0009697935356221757,0.0,165.30570810000063,0.24476909851486625,,,,,,,,,,0.02516417453878875,,,,0.21995815958665765,0.40758055448532104,0.922096604509316,0.48917731090850036,0.2194734838169083,0.029853162728830953,0.8112905888563898,0.9374613003095975,0.7990712074303405,0.8850938574650945,0.7879451870396351,0.9158575525715584,0.9514788327840902,0.9213733411858117,True,0.02516417453878875,0.010727608242741167,0.013048123654086998,0.001388442578133232,0.21995815937958407,0.04581487873502871,0.8713785285772895,0.772073321871905,0.9428431363018369,0.8918668257079351,0.9498983586783089,0.904577539258711,0.9213733411858117,0.6029055690072639,0.8642901394432426,0.7610131508583917,0.9405994376278118,0.8878600512743176,0.9477193888745393,0.9006337082091739,0.9175363219818645,0.5738498789346247,413.0,,
B_decoder,3,0.000882923302561873,0.0,172.2713380999994,0.2567490066005892,,,,,,,,,,0.017500914195247252,,,,0.14918065022515214,0.40758055448532104,0.922096604509316,0.48917731090850036,0.2194734838169083,0.029853162728830953,0.8112905888563898,0.9374613003095975,0.7990712074303405,0.8850938574650945,0.7879451870396351,0.9158575525715584,0.9514788327840902,0.9293430655921503,True,0.017500914195247252,0.006888031176076104,0.00954745558319008,0.0010654274085270567,0.1491806517767908,0.05817958787967094,0.8917731960011873,0.8046847385241033,0.9484552572110554,0.9019637668441273,0.9478007435642082,0.9007806627565752,0.9293430655921503,0.5956416464891041,0.8839110921438155,0.7919719351405948,0.9466905231849272,0.898777181847321,0.9459861115237321,0.8975082035126635,0.9255292422841582,0.5786924939467313,413.0,,
B_decoder,4,0.0007498671090960646,0.0,178.52964659999998,0.26396639335991473,,,,,,,,,,0.015792751412564827,,,,0.14840175583958626,0.40758055448532104,0.922096604509316,0.48917731090850036,0.2194734838169083,0.029853162728830953,0.8112905888563898,0.9374613003095975,0.7990712074303405,0.8850938574650945,0.7879451870396351,0.9158575525715584,0.9514788327840902,0.9332721034447866,True,0.015792751412564827,0.006089675005325723,0.008766778934486309,0.0009362974592964631,0.14840175553058002,0.04104200128480615,0.8909254319484521,0.8033052579265737,0.9516207116456721,0.9077065163500695,0.9572701667402359,0.9180423693715891,0.9332721034447866,0.559322033898305,0.883949046546585,0.7920328761078219,0.9493860654973199,0.9036488421855192,0.9550031348005248,0.9138813393648106,0.9294460822814766,0.5544794188861986,413.0,,
B_decoder,5,0.0005866734958570028,0.0,167.25100519999978,0.2444997252951563,,,,,,,,,,0.01274758193269042,,,,0.12324184713804204,0.40758055448532104,0.922096604509316,0.48917731090850036,0.2194734838169083,0.029853162728830953,0.8112905888563898,0.9374613003095975,0.7990712074303405,0.8850938574650945,0.7879451870396351,0.9158575525715584,0.9514788327840902,0.9294811989915212,,0.01274758193269042,0.0052881618941894035,0.006680182856899431,0.0007792371703879751,0.12324184817270122,0.030564126342152182,0.8956975448313127,0.8110980290218505,0.9439733918471557,0.8938916733341717,0.9487726602960952,0.9025380376459124,0.9294811989915212,0.5012106537530266,0.8861500198839786,0.7955739423649089,0.9402487512911578,0.887235332288326,0.945339383050641,0.8963446324421089,0.9239127180752592,0.4745762711864407,413.0,,
B_decoder,6,0.00041333050414299704,0.0,162.61454460000095,0.24118919758473512,,,,,,,,,,0.010272971115201262,,,,0.06801622344747833,0.40758055448532104,0.922096604509316,0.48917731090850036,0.2194734838169083,0.029853162728830953,0.8112905888563898,0.9374613003095975,0.7990712074303405,0.8850938574650945,0.7879451870396351,0.9158575525715584,0.9514788327840902,0.9384057332325546,True,0.010272971115201262,0.004242381248235425,0.005368848207329983,0.0006617416561042116,0.06801622211841109,0.03923406994242678,0.9056241572746196,0.8275257200664237,0.9544066560607939,0.9127895291157152,0.9551863863622504,0.9142170181306863,0.9384057332325546,0.5520581113801453,0.8963083858901264,0.8121003860421631,0.9524161462547874,0.9091550455362677,0.9533729052385431,0.9109002719405349,0.934032479127819,0.513317191283293,413.0,,
B_decoder,7,0.0002501368909039354,0.0,167.28438109999843,0.2537516579167657,,,,,,,,,,0.008116451317264614,,,,0.05187286274588626,0.40758055448532104,0.922096604509316,0.48917731090850036,0.2194734838169083,0.029853162728830953,0.8112905888563898,0.9374613003095975,0.7990712074303405,0.8850938574650945,0.7879451870396351,0.9158575525715584,0.9514788327840902,0.9413706119622995,True,0.008116451317264614,0.0036395352818005848,0.003911344620623552,0.0005655714098910205,0.051872862465729315,0.06256805211894596,0.9126906725894979,0.8394029643460615,0.9540654373156511,0.9121655133635518,0.9573557259817493,0.9181997636568727,0.9413706119622995,0.5375302663438256,0.9041944769159219,0.8251413757900412,0.9522837904800769,0.9089138660137992,0.9557158680660889,0.9151875805066552,0.9373980451540292,0.5254237288135594,413.0,,
B_decoder,8,0.00011708069743812706,0.0,166.6557504999946,0.2542649234835461,,,,,,,,,,0.006640471971946033,,,,0.043795069760602455,0.40758055448532104,0.922096604509316,0.48917731090850036,0.2194734838169083,0.029853162728830953,0.8112905888563898,0.9374613003095975,0.7990712074303405,0.8850938574650945,0.7879451870396351,0.9158575525715584,0.9514788327840902,0.9434306569215788,True,0.006640471971946033,0.0032621962706079134,0.002890633941736102,0.0004876417663817412,0.043795069876932324,0.11611669719248657,0.9148258011375189,0.8430220715682997,0.9569456097283076,0.9174455509257237,0.9585205598989098,0.9203451580435155,0.9434306569215788,0.6561743341404358,0.9079618563784381,0.8314378592741589,0.9555992651808618,0.9149737579860527,0.9571011921449822,0.9177316005504889,0.9402207712347607,0.6416464891041163,413.0,,
B_decoder,9,3.0210464377824318e-05,0.0,162.41741909999837,0.2411452759740713,,,,,,,,,,0.005539291034072334,,,,0.037834897394413536,0.40758055448532104,0.922096604509316,0.48917731090850036,0.2194734838169083,0.029853162728830953,0.8112905888563898,0.9374613003095975,0.7990712074303405,0.8850938574650945,0.7879451870396351,0.9158575525715584,0.9514788327840902,0.9465289995631846,True,0.005539291034072334,0.0030187994410408427,0.002077563285214729,0.00044292829726050146,0.03783489758917968,0.13791656974158267,0.9164562818403108,0.8457953901452516,0.9600171401971821,0.9231086177508757,0.9631135766520612,0.928851564612374,0.9465289995631846,0.612590799031477,0.910544225551046,0.8357789704787224,0.9588001745962462,0.9208608676287907,0.9616853103300314,0.9261983095276307,0.9436765701591078,0.6077481840193705,413.0,,
B_decoder,10,4.023898195586161e-09,0.0,161.57728869999846,0.23629222235614122,,,,,,,,,,0.005093846456300339,,,,0.028861360624432564,0.40758055448532104,0.922096604509316,0.48917731090850036,0.2194734838169083,0.029853162728830953,0.8112905888563898,0.9374613003095975,0.7990712074303405,0.8850938574650945,0.7879451870396351,0.9158575525715584,0.9514788327840902,0.9457664764946024,,0.005093846456300339,0.002932185271055338,0.0017332313586941254,0.0004284298307269785,0.02886136063152518,0.18075867166941462,0.916024560115374,0.845060253591052,0.9593774613890539,0.9219264678522718,0.9618974079793794,0.9265918565014742,0.9457664764946024,0.6222760290556901,0.9102086469485069,0.8352136804901764,0.9582845764792057,0.9199101355727185,0.960482255155606,0.923969080777338,0.9429918261944396,0.6174334140435835,413.0,,
C_conjunto,1,0.0002999994415121083,0.0,197.2267198000045,0.19053945054679602,0.20277388098231452,0.01984417816480511,0.005578518026470033,0.01426566011570163,0.06675309098537671,0.010862362028682807,0.05589072895958109,3.0339279562412027e-05,0.9441092755015282,0.20942288078862656,,0.10258273636946683,0.6359137276728845,inf,0.4105582535266876,0.9164503380243957,0.4260954147020701,0.22596800185946136,0.032088282452815135,0.805146134912256,0.9325077399380804,0.7820433436532508,0.8794363666215975,0.774765759344085,0.9144833243207982,0.9490600161999094,0.9027173195501745,True,0.00664899963019391,0.003252408720274102,0.002918702534559134,0.0004778883772424981,0.07908164922230873,0.06323360053623618,0.900285448473429,0.8186537563076671,0.9410151652315681,0.8886011719302288,0.9490037047888434,0.9029562797822978,0.9301014394979469,0.5520581113801453,0.8910269241295921,0.8034702947411461,0.9394225233910625,0.8857651082641763,0.9475453699155999,0.9003194463970507,0.9259982724787514,0.5326876513317191,413.0,11.111479759216309,12.243816375732422
C_conjunto,2,0.00029098562610959587,0.05555555555555555,215.4804243000035,0.17505429957366175,0.23327124223073464,0.02030675886801062,0.005761647947799526,0.014545110925830789,0.07719965761179308,0.012503113044942239,0.06469654452890501,2.518141688099252e-05,0.9353034612454599,0.2416913284465631,5.788671859191506,0.1291022274299373,0.6813852445100121,5.832650951717211,0.41263091564178467,0.9411949719364935,0.547371117323048,0.22090375027637707,0.024031215282820814,0.8103271783498938,0.9362229102167182,0.7931888544891641,0.8851652571061194,0.7918881765927352,0.908108296689927,0.9554992980356959,0.9084035883014895,True,0.008420086292132563,0.0037358158863618957,0.004164887730368769,0.0005193826669723578,0.055758704654975906,0.08726014560787927,0.9074712256281492,0.8306154006331774,0.9440480207775734,0.8940255232749732,0.9552141734717355,0.9142679286201957,0.9355778066258194,0.6755447941888619,0.8981952478643976,0.8152036430442389,0.9428424315691797,0.8918655645332766,0.9538880790570012,0.9118413240116182,0.9316419194968596,0.6585956416464891,413.0,12.180521965026855,0.3048315942287445
C_conjunto,3,0.0002649664060308257,0.1111111111111111,222.67233960000158,0.16857423235930194,0.22275209796439238,0.018717748666903133,0.005293114397586534,0.013424634264057801,0.07382803379605046,0.011898308365454814,0.06192972548009021,2.0014009622924638e-05,0.9380702783936837,0.22978924651711888,4.949052258924261,0.13334415561702698,0.6377952772817997,4.9950429874917734,0.4201400578022003,0.9298759714888019,0.5242483431672155,0.22300449312911202,0.020693928470540694,0.8108905283064604,0.9337461300309597,0.7996904024767801,0.875967309509741,0.7674987895635178,0.9031206524936524,0.9572824864720526,0.9104116328230643,True,0.007037148535609628,0.0032451800559461777,0.0033204756571768566,0.0004714928192127351,0.050223226605722,0.15241287493923672,0.9194476006041403,0.8509051491794442,0.9596640339329091,0.9224558846704534,0.963197063920889,0.9290068829891839,0.9474362328193129,0.6585956416464891,0.9140410470856739,0.841690235742994,0.9584064815386082,0.9201348362404705,0.9621203397848807,0.9270056796232655,0.9448559561363875,0.6537530266343826,413.0,6.568506717681885,17.348535537719727
C_conjunto,4,0.00022508061303014618,0.16666666666666666,226.48532749999868,0.16716839526835803,0.21107132779063115,0.017330846925776706,0.004832750423073082,0.012498096543536633,0.0700228634901655,0.01127017113818161,0.05875269233507324,1.617101532799256e-05,0.9412473112318345,0.21738346513654405,4.935610632433534,0.10781934921828659,0.6019362988814688,4.976363824761433,0.429322212934494,0.9861257426823552,0.6046456450132631,0.2208286520049506,0.03329341337356738,0.8081253847725716,0.9309597523219815,0.7962848297213623,0.8794310623067938,0.7777818636009044,0.910074156471848,0.950437166847629,0.912657324990265,True,0.006312137269608815,0.003026022414525887,0.0028577155916785788,0.0004283992657630743,0.03952502107343784,0.13837200051372348,0.9181936345076133,0.8487596891609113,0.9628902691916016,0.9284362498855885,0.9673195921936748,0.936707605645881,0.9494678319642965,0.6634382566585957,0.910441536500754,0.8356059514023352,0.9614063514900928,0.9256809464119518,0.965802875030362,0.9338672983245009,0.9458835876737363,0.6634382566585957,413.0,11.936924934387207,14.191878318786621
C_conjunto,5,0.00017618472861620485,0.2222222222222222,228.51693520000117,0.16468552940093867,0.1968696794090702,0.01582003633827433,0.004444714954128675,0.011375321410027183,0.06536692545887007,0.010485433551018433,0.05488149193837328,1.3976759868374338e-05,0.9451185150205614,0.20264167718067963,4.5047091435313575,0.10899398607577913,0.650197536271206,4.556596403536589,0.4310469627380371,0.9997847040651344,0.6372497914866968,0.2216335857338585,0.03148393392980612,0.8095284442956066,0.9343653250773993,0.7990712074303405,0.8814214973136455,0.7766882977042329,0.9129888891971623,0.9545873050395417,0.9144470999320783,True,0.0057719973999878224,0.002874193233796672,0.0024928464785224837,0.0004049576897051621,0.040663583717398664,0.14031934162138007,0.9241028007082824,0.858913659517504,0.9621477033672802,0.9270564862542955,0.9651105117843759,0.9325734996578597,0.9504536719533129,0.711864406779661,0.9178786521896775,0.8482215548625939,0.9606497759669592,0.9242791830450602,0.9638896794948967,0.9302963790815257,0.9474727025505111,0.711864406779661,413.0,9.941354751586914,12.779950141906738
C_conjunto,6,0.0001240905061032793,0.2777777777777778,230.33547640000324,0.1620881808344762,0.18119140225400748,0.014461786131497449,0.003943681187894314,0.010518104939014578,0.0601789608756138,0.009658932383110346,0.050520028445483624,9.846462353208864e-06,0.9494799777825814,0.18605812986119855,4.973348987212221,0.1403134241836083,0.6633982347051876,5.022017002105713,0.4337998032569885,1.036473222212358,0.710495204312852,0.22118228282853078,0.033604324145596685,0.8083878573250585,0.934984520123839,0.7953560371517028,0.8846032298404656,0.7883035333854649,0.911896853409865,0.9536093027260668,0.91610202867623,True,0.0048667276447244565,0.0026404215176560916,0.0018625082068666617,0.00036379792497070974,0.039362039166731755,0.15940505609232858,0.9216310872851999,0.8546528710337062,0.9637179678475333,0.9299765295030636,0.9669415827055419,0.9359989391867366,0.9507635459460917,0.6731234866828087,0.9150061501922666,0.8433284210361289,0.9623079112721501,0.9273540019485775,0.9654884210715672,0.9332794728809501,0.9476008275119946,0.6707021791767555,413.0,9.187058448791504,9.415390014648438
C_conjunto,7,7.516161206307387e-05,0.3333333333333333,231.49691099999472,0.16100937628380596,0.16600308388445206,0.01336508482674828,0.0036543124861973175,0.00971077235132634,0.05511705186036543,0.008853992771033933,0.04626305907984504,7.728490088215583e-06,0.9537369453136217,0.17047270146537608,4.789323345327332,0.12991147182754698,0.6356918215213476,4.836801311244136,0.43813398480415344,1.0011829266906256,0.6578282514675392,0.2199705048512093,0.029885443665222573,0.8107611729349898,0.9346749226006192,0.7978328173374613,0.8892254839465269,0.7935619667538714,0.9204454243739091,0.9536690607118001,0.9185283476568303,True,0.004469617672282724,0.002536482791510387,0.0015907258563943082,0.00034240901737918946,0.03835668225191338,0.2092960300181694,0.9245165870249309,0.8596288663043864,0.9616522359187147,0.9261369544813056,0.9657915562075977,0.9338461332476435,0.9506534597170812,0.6537530266343826,0.9186127843931885,0.8494762755982062,0.9604378793726536,0.9238869523189787,0.964442970335559,0.9313277228662863,0.9478312113671338,0.6343825665859564,413.0,9.249064445495605,16.745702743530273
C_conjunto,8,3.521372332627525e-05,0.3888888888888889,232.3388221999994,0.16051034432669886,0.15267393843619775,0.01251326623414804,0.0033610961382958683,0.009152170091263614,0.05065694257148448,0.00817323445843201,0.04248370809614183,6.254929421638703e-06,0.9575162979223962,0.15670860011008486,4.909079667990388,0.11480616712022677,0.6578851711226941,4.958850788033527,0.4397156238555908,1.0664932801318263,0.7869638187332233,0.22108143261770014,0.03120874003353095,0.8089529308172869,0.93343653250774,0.7953560371517028,0.8847139803987029,0.7864013780793154,0.9130313179794601,0.9547092451373332,0.9155581750327396,,0.004034661594283354,0.002428177041636798,0.0012812737965411066,0.00032521076017843874,0.034209818037271356,0.28752895493148695,0.9218340485891565,0.8550020035254151,0.960781664649457,0.9245233960632265,0.9648854197869009,0.9321532497284116,0.9491670443418382,0.6440677966101694,0.9161644908671766,0.8452984637864462,0.9594866028423202,0.922128062419286,0.9635560152908323,0.9296749554306227,0.9464023696667764,0.6416464891041163,413.0,8.941555976867676,16.96987533569336
C_conjunto,9,9.126748487381814e-06,0.4444444444444444,234.11284460000024,0.16000262956976166,0.1426638964665897,0.012106432532850386,0.0032587039064621327,0.008847728649408377,0.04727046673769334,0.007668609223167673,0.039601857487716115,5.211454114493667e-06,0.9603981452245856,0.14638403531220023,4.729859729213621,0.13974930196179383,0.6823047411930415,4.784813590671705,0.4411729574203491,1.0600362291449144,0.7808960523875983,0.2206483575195192,0.03002157260765583,0.8104195539167083,0.9352941176470588,0.798452012383901,0.888003693719428,0.7938540424829842,0.9141721355969765,0.9559849030783234,0.9174832893075113,,0.003720139084834246,0.0023684375025406217,0.0010374885624878033,0.0003142130190969145,0.029334257066563653,0.3668132496106884,0.9228482680483241,0.8567486275830689,0.960976763519159,0.9248847665563048,0.9654042946105623,0.9331222714163203,0.9497431087260152,0.6561743341404358,0.9171277400490373,0.8469399152311547,0.95965363575306,0.9224366698755276,0.9641072788846863,0.930701856700626,0.9469628848955945,0.6343825665859564,413.0,10.228748321533203,15.155081748962402
C_conjunto,10,1.3792364324405686e-09,0.5,236.23180790000333,0.15729797777440205,0.1367961701180578,0.011907924920035092,0.0032113155084983855,0.008696609410763355,0.045278752516324905,0.007388099668790034,0.03789065287764406,4.994030369391355e-06,0.9621093519183784,0.1404113755738767,3.9883646257946075,0.14917577006596294,0.6290872535980592,4.043207469193832,0.44138842821121216,1.0618598221790179,0.7832972524039771,0.2207628078611472,0.030212271927018718,0.8098539947718347,0.9343653250773993,0.7962848297213623,0.886685058170288,0.7922336190497368,0.9143692238245139,0.9534523316366131,0.9172829549359008,,0.0036152053132126943,0.002345181913325436,0.000958974120503892,0.00031104927849401104,0.02130301941016469,0.3820388717635759,0.92334664355893,0.857608103885077,0.9624472971135034,0.927612924563689,0.9661653744513543,0.9345453814130282,0.9506531050412624,0.6658595641646489,0.9176113274635963,0.8477650872983749,0.9611785146131149,0.9252586013420258,0.9648527130278297,0.932092200956297,0.9478808517015137,0.639225181598063,413.0,9.525588035583496,16.86876106262207
