case_id,z,n_cajas_raw,n_cajas_final,n_instancias,n_sin_caja,n_conflicto_semantica,n_conflicto_caja
035,0,1,1,1,0,1,1
035,1,1,1,2,0,1,2
035,2,1,1,1,0,1,0
035,3,1,1,1,0,1,0
035,4,2,2,1,0,1,0
035,5,2,2,2,0,1,0
035,6,2,2,2,0,1,0
035,7,2,2,2,0,2,1
035,8,2,2,2,0,1,2
035,9,2,2,2,0,2,1
035,10,2,2,1,0,1,0
035,11,2,2,1,0,1,0
035,12,2,2,1,0,0,1
035,13,2,2,1,0,1,1
035,14,2,2,1,0,1,1
035,15,1,1,1,1,0,0
035,16,1,1,1,1,0,0
035,17,1,1,1,1,0,0
035,18,1,1,1,1,0,0
035,19,1,1,1,1,0,0
035,20,1,1,1,1,0,0
035,21,2,2,1,1,0,0
035,22,2,2,2,1,0,0
035,23,2,2,1,0,0,0
035,24,2,2,1,0,0,0
035,25,2,2,0,0,0,0
035,26,2,2,0,0,0,0
035,27,3,2,0,0,0,0
035,28,3,2,2,2,2,0
035,29,3,2,3,2,1,0
035,30,2,1,2,2,1,0
035,31,2,1,2,2,1,0
035,32,3,2,2,1,1,1
035,33,3,2,2,1,0,0
035,34,4,3,2,0,0,0
035,35,5,3,2,0,0,0
035,36,4,2,2,0,0,0
035,37,3,2,3,0,0,0
035,38,3,2,3,0,0,0
035,39,3,2,3,0,0,0
035,40,2,2,3,0,1,1
035,41,2,2,3,0,1,1
035,42,2,2,3,0,1,1
035,43,3,2,2,0,0,0
035,44,2,2,2,0,0,0
035,45,2,2,3,1,1,0
035,46,1,1,3,1,1,0
035,47,3,2,2,0,0,0
035,48,3,2,3,0,1,1
035,49,2,2,3,0,1,1
035,50,2,2,4,0,1,1
035,51,3,2,4,0,1,1
035,52,3,2,3,0,1,1
035,53,3,2,3,0,1,1
035,54,3,2,3,0,0,0
035,55,3,2,3,0,0,0
035,56,3,2,3,0,0,0
035,57,3,2,3,0,0,0
035,58,3,2,3,0,0,0
035,59,3,2,3,0,0,0
035,60,3,2,3,0,0,0
035,61,3,2,5,0,0,0
035,62,3,2,5,0,0,0
035,63,3,2,4,0,1,1
035,64,3,2,5,0,0,0
035,65,3,2,5,0,0,0
035,66,3,2,5,0,0,0
035,67,3,2,5,0,0,0
035,68,2,2,5,0,0,0
035,69,2,2,5,0,0,0
035,70,2,2,5,0,0,0
035,71,2,2,5,0,0,0
035,72,2,2,5,0,0,0
035,73,2,2,5,0,0,0
035,74,2,2,5,0,0,0
035,75,2,2,5,0,0,0
035,76,2,2,6,0,0,0
035,77,2,2,5,0,0,0
035,78,2,2,7,0,0,0
035,79,2,2,6,0,0,0
035,80,3,2,6,0,0,0
035,81,3,2,6,0,0,0
035,82,3,2,6,0,0,0
035,83,3,2,6,0,0,0
035,84,3,2,6,0,0,0
035,85,4,3,5,0,0,0
035,86,4,3,6,0,0,0
035,87,4,3,6,0,0,0
035,88,3,3,6,0,0,0
035,89,3,3,6,0,1,1
035,90,4,3,6,0,1,1
035,91,4,3,7,0,0,0
035,92,4,3,6,0,0,0
035,93,6,3,6,0,0,0
035,94,6,3,6,0,0,0
035,95,5,3,6,0,0,0
035,96,3,3,6,0,0,0
035,97,3,3,7,0,1,2
035,98,4,2,7,3,1,0
035,99,4,2,7,3,1,0
035,100,4,2,7,3,1,0
035,101,4,2,7,3,1,0
035,102,3,2,5,2,0,0
035,103,4,3,5,0,1,0
035,104,4,3,6,0,1,0
035,105,4,2,5,2,1,0
035,106,4,2,5,2,1,0
035,107,4,2,5,2,1,0
035,108,4,2,5,2,1,0
035,109,3,2,5,2,1,0
035,110,3,2,5,2,1,0
035,111,3,2,4,2,0,0
035,112,3,2,4,2,0,0
035,113,3,2,4,2,0,0
035,114,3,2,4,2,0,0
035,115,3,2,5,2,1,1
035,116,3,2,5,2,1,1
035,117,3,2,5,2,0,0
035,118,3,2,3,1,0,1
035,119,3,2,4,2,0,1
035,120,3,2,4,2,0,1
035,121,3,2,4,2,0,1
035,122,3,2,5,3,0,1
035,123,3,2,5,3,0,1
035,124,3,2,5,3,0,1
035,125,3,2,4,2,0,1
035,126,3,2,4,2,0,0
035,127,3,2,5,3,0,1
035,128,3,2,5,3,0,1
035,129,3,2,5,3,1,0
035,130,3,2,4,2,2,1
035,131,3,2,4,2,1,0
035,132,3,2,4,2,1,0
035,133,2,1,4,2,1,0
035,134,3,2,4,0,1,0
035,135,3,2,4,1,0,0
035,136,2,2,4,1,0,0
035,137,3,2,5,1,1,0
035,138,1,1,3,2,0,0
035,139,3,3,3,0,0,0
035,140,3,3,4,0,1,0
035,141,3,3,4,0,1,0
035,142,2,2,5,2,2,0
035,143,2,2,6,1,2,0
035,144,3,3,6,0,2,0
035,145,3,3,6,0,3,0
035,146,3,3,7,0,3,0
035,147,3,3,6,0,2,0
035,148,3,3,6,0,2,0
035,149,3,3,7,0,3,1
035,150,3,3,6,0,2,0
035,151,3,3,5,0,1,0
035,152,3,3,5,1,1,0
035,153,3,3,5,0,1,0
035,154,3,3,5,1,2,1
035,155,3,3,5,0,1,0
035,156,3,3,5,0,1,0
035,157,3,3,5,0,1,2
035,158,3,3,4,0,1,1
035,159,4,3,4,0,0,0
035,160,4,3,4,0,0,0
035,161,4,3,4,0,0,0
035,162,5,3,3,0,0,0
035,163,5,3,3,0,0,0
035,164,5,3,3,0,0,0
035,165,5,3,4,0,1,1
035,166,5,3,3,0,0,0
035,167,5,3,3,0,0,0
035,168,5,3,3,0,0,0
035,169,5,3,3,0,0,0
035,170,5,3,3,0,0,0
035,171,4,3,3,0,0,0
035,172,4,3,3,0,0,0
035,173,3,3,4,0,0,0
035,174,3,3,6,0,0,0
035,175,3,3,5,0,0,0
035,176,3,3,6,0,1,1
035,177,3,3,6,0,1,1
035,178,3,3,6,1,2,1
035,179,3,3,6,1,1,0
035,180,3,3,6,0,1,1
035,181,3,3,5,0,1,1
035,182,3,3,4,0,0,0
035,183,3,3,4,0,0,0
035,184,4,3,4,0,0,0
035,185,5,3,5,0,0,0
035,186,5,3,5,0,0,0
035,187,5,3,6,0,1,1
035,188,5,3,6,0,1,1
035,189,4,3,6,0,1,1
035,190,4,3,6,0,2,2
035,191,4,3,6,0,1,1
035,192,3,3,5,0,0,0
035,193,3,3,5,0,1,2
035,194,3,3,5,0,1,2
035,195,3,3,5,0,1,2
035,196,3,3,5,0,1,2
035,197,3,3,5,0,1,2
035,198,3,3,5,0,1,1
035,199,3,3,6,0,2,3
035,200,3,3,5,0,1,2
035,201,3,3,5,0,1,1
035,202,3,3,5,0,1,1
035,203,3,3,6,0,2,2
035,204,4,3,5,0,1,1
035,205,4,3,5,0,1,1
035,206,4,3,4,0,0,0
035,207,4,3,5,0,1,1
035,208,4,3,5,0,1,1
035,209,4,3,6,0,2,2
035,210,4,3,5,0,1,1
035,211,4,3,3,0,0,0
035,212,4,3,4,0,0,0
035,213,4,3,4,0,0,0
035,214,4,3,3,0,0,0
035,215,3,3,3,0,0,0
035,216,3,3,3,0,0,0
035,217,3,3,3,0,0,0
035,218,3,3,3,0,0,0
035,219,3,3,4,0,0,0
035,220,3,3,5,0,1,1
035,221,3,3,5,0,1,1
035,222,3,3,5,0,1,1
035,223,3,3,5,0,0,0
035,224,3,3,5,0,1,1
035,225,3,3,5,0,0,0
035,226,3,3,5,0,0,0
035,227,3,3,5,0,0,0
035,228,3,3,5,0,0,0
035,229,5,3,5,0,0,0
035,230,5,3,5,0,0,0
035,231,5,3,5,0,0,0
035,232,5,3,5,0,0,0
035,233,5,3,5,0,0,0
035,234,4,3,5,0,0,0
035,235,4,3,5,0,0,0
035,236,4,3,6,0,0,0
035,237,4,3,6,0,0,0
035,238,4,3,6,0,0,0
035,239,4,3,6,0,0,0
035,240,4,3,7,0,1,1
035,241,3,3,6,0,0,0
035,242,3,3,7,0,1,1
035,243,3,3,7,0,1,1
035,244,3,3,7,0,1,1
035,245,4,3,7,0,1,1
035,246,4,3,7,0,1,1
035,247,4,3,7,0,1,1
035,248,4,3,7,0,1,1
035,249,4,3,6,0,1,1
035,250,4,3,7,0,1,1
035,251,4,3,7,0,1,1
035,252,4,3,6,0,1,1
035,253,4,3,6,0,1,1
035,254,4,3,7,0,1,1
035,255,4,3,7,0,2,2
035,256,4,3,6,0,1,1
035,257,4,3,5,0,0,0
035,258,4,3,5,0,0,0
035,259,4,3,5,0,0,0
035,260,4,3,5,0,0,0
035,261,4,3,6,0,0,0
035,262,4,3,6,0,0,0
035,263,4,3,6,0,0,0
035,264,4,3,6,0,0,0
035,265,4,3,6,0,0,0
035,266,4,3,6,0,0,0
035,267,4,3,5,0,0,0
035,268,4,3,4,0,0,0
035,269,4,3,4,0,0,0
035,270,4,3,4,0,0,0
035,271,3,3,4,0,0,1
035,272,3,3,4,0,0,0
035,273,3,3,4,0,0,0
035,274,3,3,4,0,0,0
035,275,3,3,3,0,0,0
035,276,4,3,3,0,0,0
035,277,4,3,3,0,0,0
035,278,4,3,3,0,0,0
035,279,4,3,3,0,0,0
035,280,3,2,3,1,0,0
035,281,3,2,3,1,0,0
035,282,3,2,4,1,0,0
035,283,3,2,2,0,0,0
035,284,3,2,2,0,0,0
035,285,3,2,2,0,0,0
035,286,3,2,2,0,0,0
035,287,2,2,2,0,0,0
035,288,2,2,2,0,0,0
035,289,2,2,2,0,0,0
035,290,2,2,2,0,0,0
035,291,2,2,2,0,0,0
035,292,2,2,2,0,0,0
035,293,2,2,2,0,0,0
035,294,2,2,2,0,0,0
035,295,2,2,2,0,0,0
035,296,2,2,2,0,0,0
035,297,3,3,2,0,0,0
035,298,4,3,2,0,0,0
035,299,1,1,1,0,0,0
035,300,1,1,1,0,0,0
035,301,2,2,1,0,0,0
035,302,2,2,1,0,0,0
035,303,3,2,1,0,0,0
035,304,3,2,1,0,0,0
035,305,3,2,1,0,0,0
035,306,3,2,1,0,0,0
035,307,2,2,1,0,0,0
035,308,2,2,1,0,0,0
035,309,1,1,1,0,0,0
035,310,1,1,1,0,0,0
035,311,1,1,1,0,0,0
035,312,1,1,1,0,0,0
035,313,1,1,1,0,0,0
035,314,1,1,1,0,0,0
035,315,1,1,1,0,0,0
035,316,1,1,1,0,0,0
035,317,1,1,1,0,0,0
035,318,1,1,1,0,0,0
035,319,1,1,1,0,0,0
035,320,1,1,1,0,0,0
035,321,1,1,1,0,0,0
035,322,0,0,0,0,0,0
035,323,0,0,0,0,0,0
035,324,0,0,0,0,0,0
035,325,0,0,0,0,0,0
035,326,0,0,0,0,0,0
035,327,1,1,1,0,0,0
035,328,1,1,1,0,0,0
035,329,1,1,0,0,0,0
035,330,1,1,0,0,0,0
035,331,2,2,0,0,0,0
035,332,2,2,0,0,0,0
035,333,2,2,0,0,0,0
035,334,2,2,0,0,0,0
035,335,2,2,0,0,0,0
035,336,3,2,0,0,0,0
035,337,3,2,0,0,0,0
035,338,2,2,0,0,0,0
035,339,0,0,1,1,1,0
035,340,0,0,0,0,0,0
035,341,0,0,0,0,0,0
035,342,0,0,0,0,0,0
035,343,0,0,0,0,0,0
035,344,0,0,0,0,0,0
035,345,2,2,0,0,0,0
035,346,2,2,0,0,0,0
035,347,2,2,0,0,0,0
035,348,2,2,0,0,0,0
035,349,2,2,0,0,0,0
035,350,2,2,0,0,0,0
035,351,2,2,0,0,0,0
035,352,2,2,0,0,0,0
035,353,0,0,0,0,0,0
035,354,0,0,0,0,0,0
035,355,0,0,0,0,0,0
035,356,1,1,0,0,0,0
035,357,0,0,0,0,0,0
035,358,0,0,0,0,0,0
035,359,0,0,0,0,0,0
035,360,0,0,0,0,0,0
035,361,0,0,0,0,0,0
035,362,0,0,0,0,0,0
035,363,0,0,0,0,0,0
035,364,0,0,0,0,0,0
035,365,0,0,0,0,0,0
035,366,0,0,0,0,0,0
035,367,0,0,0,0,0,0
035,368,0,0,0,0,0,0
035,369,0,0,0,0,0,0
035,370,0,0,0,0,0,0
035,371,0,0,0,0,0,0
035,372,0,0,0,0,0,0
