case_id,region,fragment_id,main_fragment_id,is_main,n_voxels,distance_mm
035,coxal_derecho,50,50,True,267780,0.0
035,coxal_derecho,3,50,False,1288,120.00126651184829
035,coxal_derecho,4,50,False,344,132.24857576636924
035,coxal_derecho,6,50,False,20,134.50514015123002
035,coxal_derecho,9,50,False,604,115.74515809227988
035,coxal_derecho,11,50,False,1052,110.84107497416669
035,coxal_derecho,14,50,False,48468,30.4000004529953
035,coxal_derecho,16,50,False,104,81.31130389721382
035,coxal_derecho,19,50,False,31268,31.55570832465446
035,coxal_derecho,22,50,False,32,91.94964753955641
035,coxal_derecho,27,50,False,476,53.64869987226708
035,coxal_derecho,30,50,False,49854,15.20000022649765
035,coxal_derecho,31,50,False,524,49.66178446383206
035,coxal_derecho,33,50,False,664,48.3029277804651
035,coxal_derecho,35,50,False,108,68.94969222340367
035,coxal_derecho,41,50,False,27976,1.600000023841858
035,coxal_derecho,47,50,False,32,32.756826936656104
035,coxal_derecho,48,50,False,272,25.810876950457544
035,coxal_derecho,51,50,False,4460,0.0
035,coxal_derecho,52,50,False,864,62.378439472006946
035,coxal_derecho,57,50,False,460,0.0
035,coxal_derecho,61,50,False,4,33.15497879530522
035,coxal_derecho,62,50,False,224,2.400000035762787
035,coxal_derecho,64,50,False,8,4.570738392736343
035,coxal_derecho,65,50,False,76,0.0
035,coxal_derecho,73,50,False,236,37.70134214202985
035,coxal_derecho,77,50,False,8,14.520544623263586
035,coxal_derecho,78,50,False,188,0.0
035,coxal_derecho,82,50,False,180,0.0
035,coxal_derecho,86,50,False,720,0.0
035,coxal_derecho,88,50,False,116,0.0
035,coxal_derecho,90,50,False,732,0.0
035,coxal_derecho,93,50,False,280,0.0
035,coxal_derecho,95,50,False,128436,0.0
035,coxal_derecho,96,50,False,1588,0.800000011920929
035,coxal_derecho,98,50,False,504,3.3140477569537046
035,coxal_derecho,107,50,False,6500,0.0
035,coxal_derecho,108,50,False,1600,17.108063395335677
035,coxal_derecho,110,50,False,92,91.4261574103591
035,coxal_izquierdo,80,80,True,256090,0.0
035,coxal_izquierdo,2,80,False,16,153.32336996023716
035,coxal_izquierdo,8,80,False,156,143.65980035650358
035,coxal_izquierdo,10,80,False,904,137.08280787024262
035,coxal_izquierdo,12,80,False,32,153.42106513347977
035,coxal_izquierdo,13,80,False,44,152.5248187266477
035,coxal_izquierdo,15,80,False,68,124.00000184774399
035,coxal_izquierdo,18,80,False,1450,116.0000017285347
035,coxal_izquierdo,24,80,False,276,106.40000158548355
035,coxal_izquierdo,25,80,False,86116,25.558256464421824
035,coxal_izquierdo,26,80,False,36,103.12918675708555
035,coxal_izquierdo,29,80,False,7032,87.85661934408392
035,coxal_izquierdo,32,80,False,17084,68.2661515047734
035,coxal_izquierdo,37,80,False,4720,66.4000009894371
035,coxal_izquierdo,38,80,False,1368,122.87517945804608
035,coxal_izquierdo,40,80,False,3400,97.17065808837066
035,coxal_izquierdo,42,80,False,780,64.02039970393943
035,coxal_izquierdo,43,80,False,20910,106.34949483543267
035,coxal_izquierdo,45,80,False,32,55.93641739906657
035,coxal_izquierdo,46,80,False,31418,25.679462093687686
035,coxal_izquierdo,49,80,False,1620,107.47389935399725
035,coxal_izquierdo,53,80,False,168,39.793274481422834
035,coxal_izquierdo,58,80,False,372,34.39911129100122
035,coxal_izquierdo,59,80,False,42218,9.600000143051147
035,coxal_izquierdo,63,80,False,180,23.53697386221726
035,coxal_izquierdo,67,80,False,3590,18.400000274181366
035,coxal_izquierdo,69,80,False,31988,0.0
035,coxal_izquierdo,71,80,False,3074,6.6646291602663155
035,coxal_izquierdo,76,80,False,16,4.000000059604645
035,coxal_izquierdo,83,80,False,304,0.0
035,coxal_izquierdo,104,80,False,7346,0.0
035,coxal_izquierdo,105,80,False,432,0.800000011920929
035,coxal_izquierdo,109,80,False,51298,0.0
035,sacro,87,87,True,143508,0.0
035,sacro,1,87,False,892,155.74590000918246
035,sacro,5,87,False,32,153.24371575133605
035,sacro,7,87,False,460,149.95742852702153
035,sacro,17,87,False,400,138.6737929536124
035,sacro,20,87,False,638,131.61057149712587
035,sacro,21,87,False,108,132.01271563364182
035,sacro,23,87,False,1930,123.07087050686887
035,sacro,28,87,False,172,123.58894274018236
035,sacro,34,87,False,224,88.80000132322311
035,sacro,36,87,False,5164,65.60000097751617
035,sacro,39,87,False,440,99.98288351706378
035,sacro,44,87,False,92,93.61263744273712
035,sacro,54,87,False,16,49.600000739097595
035,sacro,55,87,False,2616,39.20000058412552
035,sacro,56,87,False,140,45.60000067949295
035,sacro,60,87,False,23292,20.1301496339356
035,sacro,66,87,False,96,62.25125252492926
035,sacro,68,87,False,28,58.4564395283781
035,sacro,70,87,False,37696,1.600000023841858
035,sacro,72,87,False,8,17.674033648644603
035,sacro,74,87,False,13332,0.800000011920929
035,sacro,75,87,False,120,16.00000023841858
035,sacro,79,87,False,60,14.400000214576721
035,sacro,81,87,False,184,6.6008679279741225
035,sacro,84,87,False,556,2.274083608433999
035,sacro,85,87,False,5604,0.0
035,sacro,89,87,False,2632,0.0
035,sacro,91,87,False,12,4.025645898371885
035,sacro,92,87,False,12,4.913563437645
035,sacro,94,87,False,328,0.0
035,sacro,97,87,False,932,0.0
035,sacro,99,87,False,58940,0.0
035,sacro,100,87,False,88688,0.0
035,sacro,101,87,False,520,12.000000178813934
035,sacro,102,87,False,4720,13.790682284642267
035,sacro,103,87,False,50456,0.0
035,sacro,106,87,False,14120,1.600000023841858
035,sacro,111,87,False,16,68.17259891952651
