epoch,lr,train_loss,val_loss,val_f1_macro,val_auc_macro_ovr,val_exactitud,val_f1_sacro,val_f1_coxal_izquierdo,val_f1_coxal_derecho,es_mejor
1,0.000998458666866564,0.4334583928735334,0.2623266577720642,0.9157569130347843,0.982143629924758,0.9141596470116325,0.9390070921985816,0.9078462348604529,0.900417412045319,True
2,0.0009938441702975688,0.06178063418761304,0.22576208412647247,0.9135848143173083,0.9902700205925717,0.9113517849979944,0.9426934097421203,0.89586969168121,0.9021913415285944,False
3,0.0009861849601988382,0.036730380074589855,0.18046961724758148,0.9292132817604948,0.9918415170591404,0.9281989570798235,0.9406593406593406,0.924931506849315,0.9220489977728286,True
4,0.0009755282581475767,0.02365232005772177,0.22572015225887299,0.9328253285430721,0.9906840670096045,0.9334135579622944,0.9254355400696864,0.9393939393939394,0.9336465061655901,True
5,0.0009619397662556432,0.015576000904678077,0.1783435195684433,0.9393590413030907,0.9926691528797704,0.9390292819895708,0.943754565376187,0.9398496240601504,0.9344729344729344,True
6,0.0009455032620941838,0.009891964140871509,0.24597349762916565,0.9279030681930744,0.9914205822213792,0.927797833935018,0.9317382125263899,0.9298153034300791,0.9221556886227545,False
7,0.000926320082177046,0.007642251434867528,0.23052217066287994,0.9342828358429172,0.9914301147572093,0.9342158042519053,0.9351389878831077,0.9338394793926247,0.933870040253019,False
8,0.0009045084971874736,0.004232311426383584,0.18702998757362366,0.9430727540999978,0.9934266085959399,0.9426393902928198,0.9481481481481482,0.9442338927991337,0.936836221352711,True
9,0.0008802029828000154,0.004034989033245794,0.2240540087223053,0.9378235039996276,0.9922290116738512,0.937424789410349,0.9421965317919075,0.9346092503987241,0.936664729808251,False
10,0.0008535533905932736,0.002392258454628104,0.21595323085784912,0.9398964199849328,0.9926265413302616,0.9398315282791817,0.9403202328966521,0.9386666666666666,0.9407023603914796,False
11,0.0008247240241650918,0.0016846377078003026,0.23310251533985138,0.9422471309561194,0.9926224339412849,0.9422382671480144,0.9423631123919308,0.9422759758108851,0.9421023046655425,False
12,0.0007938926261462365,0.0015127070524746078,0.22667257487773895,0.9411764241680607,0.9926525930228244,0.941034897713598,0.9427121102248006,0.939978563772776,0.9408385985066055,False
13,0.0007612492823579742,0.0015538951142647396,0.22253985702991486,0.9437312329305384,0.9932229085166778,0.9438427597272363,0.9422799422799423,0.9435616438356165,0.9453521126760563,True
14,0.0007269952498697732,0.0011133188834686572,0.24141938984394073,0.9407564777394214,0.9926868717017907,0.9406337745687926,0.9421128798842258,0.9397975492807672,0.9403590040532716,False
15,0.0006913417161825447,0.0009908832065674208,0.2362157255411148,0.9400592843679796,0.992825423639923,0.9398315282791817,0.9427121102248006,0.9386666666666666,0.9387990762124712,False
16,0.0006545084971874736,0.0008468322092700811,0.2717578709125519,0.9340221186721579,0.9923620567850766,0.9334135579622944,0.9416005767844268,0.930672268907563,0.9297935103244838,False
17,0.0006167226819279527,0.0007148670075508225,0.23786494135856628,0.9438287036459049,0.9928442589721632,0.9438427597272363,0.9436416184971098,0.9438444924406048,0.944,True
18,0.0005782172325201154,0.0007559716610693523,0.256786584854126,0.9397409104259143,0.9925586725672821,0.9394304051343763,0.9434782608695652,0.938062466913711,0.9376820034944671,False
19,0.0005392295478639224,0.0007429061452197842,0.2369406521320343,0.9463163333459191,0.9934440582980543,0.9466506217408744,0.9422799422799423,0.948180815876516,0.948488241881299,True
20,0.0004999999999999999,0.0008706457958807538,0.29041317105293274,0.9319092763955439,0.9920857044905911,0.9310068190934617,0.9434782608695652,0.9278996865203761,0.9243498817966903,False
21,0.0004607704521360775,0.0004871370650246661,0.23836353421211243,0.9448810473860809,0.9932194625243554,0.9450461291616526,0.9429602888086642,0.9461663947797716,0.945516458569807,False
22,0.0004217827674798846,0.0006223115912210519,0.24842752516269684,0.9415916945051448,0.9928455822082888,0.9414360208584035,0.9434782608695652,0.9408,0.9404968226458694,False
23,0.0003832773180720472,0.00042296145691658613,0.241635262966156,0.9423341379626754,0.9930547814391094,0.9422382671480144,0.9434782608695652,0.9418045915643353,0.9417195614541258,False
24,0.0003454915028125262,0.0004830834300274739,0.23480871319770813,0.9478853849570511,0.9935597641220041,0.9482551143200962,0.9435600578871202,0.9506578947368421,0.949438202247191,True
25,0.00030865828381745506,0.000721886020840453,0.24719157814979553,0.9445217240870677,0.9930165206907876,0.9446450060168472,0.9429602888086642,0.9449838187702265,0.9456210646823126,False
26,0.0002730047501302265,0.004352513582010999,0.2628542482852936,0.9415897956935138,0.9931556754291356,0.941837144003209,0.9386281588447654,0.9426822481914302,0.9434589800443459,False
27,0.0002387507176420255,0.0015930316557844133,0.23750366270542145,0.9421094245192637,0.9934396496843698,0.9422382671480144,0.9405797101449276,0.9425414364640884,0.9432071269487751,False
28,0.0002061073738537634,0.0011154992240987665,0.23814372718334198,0.9402307808885406,0.9930451372482315,0.9402326514239872,0.939898624185373,0.939279957012359,0.9415137614678899,False
29,0.00017527597583490815,0.0008921277804322396,0.2345544844865799,0.9436571197747785,0.993229977564959,0.9438427597272363,0.941346850108617,0.9442942130881558,0.9453302961275627,False
30,0.0001464466094067262,0.0007193128637172948,0.23588119447231293,0.9420894280651795,0.9931795447979962,0.9422382671480144,0.9399855386840202,0.9419978517722879,0.9442848937392303,False
31,0.00011979701719998447,0.0006341005878342582,0.2312401682138443,0.9436665265871156,0.9933604931974592,0.9438427597272363,0.941346850108617,0.9437837837837838,0.9458689458689459,False
32,9.549150281252627e-05,0.0005298032108647846,0.23304495215415955,0.9435723134328703,0.9932821517309466,0.9438427597272363,0.9399855386840202,0.9439655172413793,0.9467658843732112,False
