case_id,fragment_id,region,clase,prob_sacro,prob_coxal_izquierdo,prob_coxal_derecho,clase_enlace,conflicto_enlace,n_voxels,n_cortes
035,1,sacro,1,0.9283072547527706,0.009202184671423834,0.06249054986148271,1,False,892,5
035,2,coxal_izquierdo,2,0.032071247696876526,0.9678213596343994,0.0001074150059139356,2,False,16,1
035,3,coxal_derecho,3,0.25616054769073215,0.0014102323885420655,0.7424292266368866,3,False,1288,5
035,4,coxal_derecho,3,0.11705948724303135,8.27828003228967e-05,0.882857762103857,3,False,344,2
035,5,sacro,1,0.524589478969574,0.02292056754231453,0.4524899125099182,1,False,32,1
035,6,coxal_derecho,3,0.49162188172340393,2.4764154659351334e-05,0.5083534121513367,3,False,20,1
035,7,sacro,1,0.5998264431953431,0.027956867663772794,0.3722166584885639,1,False,460,3
035,8,coxal_izquierdo,2,0.3669074773788452,0.3947596848011017,0.2383328378200531,2,False,156,1
035,9,coxal_derecho,3,0.42563450119353285,0.11211134868347092,0.46225418515552746,3,False,604,2
035,10,coxal_izquierdo,2,0.02703730241947733,0.8542254701652358,0.11873726143965108,2,False,904,8
035,11,coxal_derecho,3,0.20958171099311046,0.01572478670421492,0.7746934761565901,3,False,1052,3
035,12,coxal_izquierdo,2,0.04283853992819786,0.9556057453155518,0.0015557639999315143,2,False,32,1
035,13,coxal_izquierdo,2,0.0971958115696907,0.8824264407157898,0.020377734676003456,2,False,44,1
035,14,coxal_derecho,3,4.831383042387898e-07,0.0027914281178061688,0.9972080908573686,3,False,48468,63
035,15,coxal_izquierdo,2,0.27804040908813477,0.7219392657279968,2.030731957347598e-05,2,False,68,1
035,16,coxal_derecho,3,9.217838669428602e-05,0.03650953993201256,0.9633983373641968,3,False,104,1
035,17,sacro,1,0.8333972144126892,0.16660267166793347,1.4591064198654635e-07,1,False,400,3
035,18,coxal_izquierdo,2,0.16396403743789115,0.8360354833767332,4.994372407564101e-07,2,False,1450,7
035,19,coxal_derecho,3,0.0008019035442619961,0.004972188057333665,0.9942259037297935,3,False,31268,60
035,20,sacro,1,0.9306233454273786,0.06937653384518848,1.588965424524492e-07,1,False,638,3
035,21,sacro,1,0.82732754945755,0.1301298290491104,0.042542681097984314,1,False,108,1
035,22,coxal_derecho,3,0.017927320674061775,8.074916695477441e-05,0.9819918870925903,3,False,32,1
035,23,sacro,1,0.834776020853013,0.1364240609341026,0.02879993005797757,1,False,1930,6
035,24,coxal_izquierdo,2,0.0030202706022490916,0.9969797531763712,3.5454210126717137e-08,2,False,276,2
035,25,coxal_izquierdo,2,0.0037393795211245074,0.9940536471498268,0.0022069765542983293,2,False,86116,103
035,26,coxal_izquierdo,2,0.000355384288316903,0.9996434251467387,1.1698227334970095e-06,2,False,36,2
035,27,coxal_derecho,3,4.755821174781846e-09,3.720016441293945e-08,1.0,3,False,476,2
035,28,sacro,1,0.9923754334449768,0.007460314780473709,0.00016432919073849916,1,False,172,1
035,29,coxal_izquierdo,2,0.013071228573672775,0.9869274955764159,1.2802678502427839e-06,2,False,7032,21
035,30,coxal_derecho,3,2.369950406105179e-06,0.08282060493185435,0.9171770262427434,3,False,49854,47
035,31,coxal_derecho,3,3.2530664384466945e-07,7.378149575743009e-07,0.999998927116394,3,False,524,1
035,32,coxal_izquierdo,2,0.02663730587294719,0.9726395930626498,0.000723078756222268,2,False,17084,33
035,33,coxal_derecho,3,9.566141443428933e-07,1.5397819197460194e-06,0.9999974966049194,3,False,664,1
035,34,sacro,1,0.8741260341235569,2.1529980784862346e-06,0.12587173868918658,1,False,224,3
035,35,coxal_derecho,3,0.25364146298832363,3.107599594740249e-06,0.7463554276360406,3,False,108,2
035,36,sacro,1,0.969700493755311,0.0049552370869079335,0.02534427665904504,1,False,5164,27
035,37,coxal_izquierdo,2,9.93866801884675e-05,0.9997608242903726,0.00013979572276130674,2,False,4720,11
035,38,coxal_izquierdo,2,0.0007830367233014968,0.994282096798657,0.00493489484458309,2,False,1368,5
035,39,sacro,1,0.6733782291412354,0.1623748242855072,0.16424694657325745,1,False,440,1
035,40,coxal_izquierdo,2,0.0029096314242547925,0.8103074194403256,0.18678294727030922,2,False,3400,4
035,41,coxal_derecho,3,6.089713725531499e-06,0.0935442385235043,0.9064496705446511,3,False,27976,27
035,42,coxal_izquierdo,2,1.0881650496230577e-06,0.9963496923446655,0.0036492045037448406,2,False,780,1
035,43,coxal_izquierdo,2,3.2432108805776343e-06,0.8662080006927808,0.13378878901558935,2,False,20910,19
035,44,sacro,1,0.7123144372649814,0.2876258100827133,5.973504475961185e-05,1,False,92,2
035,45,coxal_izquierdo,2,0.012579427100718021,0.9874087572097778,1.1825957699329592e-05,2,False,32,1
035,46,coxal_izquierdo,2,1.3066713346124554e-05,0.979903111771082,0.02008383286586328,2,False,31418,35
035,47,coxal_derecho,3,0.005909076760872267,5.6831670917745214e-05,0.9940340518951416,3,False,32,3
035,48,coxal_derecho,3,5.6854597817966674e-05,3.7378432245853165e-05,0.9999057685627657,3,False,272,3
035,49,coxal_izquierdo,2,0.00013555956872921712,0.6405262838175267,0.359338104945642,2,False,1620,2
035,50,coxal_derecho,3,1.4653342771045986e-07,0.0001977420272632023,0.9998021127787846,3,False,267780,137
035,51,coxal_derecho,3,0.0001426967806573191,0.09739205939131435,0.9024652468783974,3,False,4460,4
035,52,coxal_derecho,3,0.11791878752410412,0.0015921118611004204,0.8804891109466553,3,False,864,2
035,53,coxal_izquierdo,2,4.458723168454526e-08,0.9999991655349731,7.976527172104397e-07,2,False,168,1
035,54,sacro,1,0.9928566217422485,0.00015422234719153494,0.006989107001572847,1,False,16,1
035,55,sacro,1,0.9997112739159062,1.8069435208469602e-06,0.0002869269927746681,1,False,2616,11
035,56,sacro,1,0.9983720183372498,0.00010547603596933186,0.00152255455031991,1,False,140,1
035,57,coxal_derecho,3,6.949816660326376e-09,0.00010755530769845632,0.9998924701110177,3,False,460,2
035,58,coxal_izquierdo,2,0.07842679991498239,0.8240279689911874,0.09754523547786859,2,False,372,4
035,59,coxal_izquierdo,2,6.1070009007392984e-06,0.9938695697083253,0.006124330034398344,2,False,42218,31
035,60,sacro,1,0.999743351540409,3.342838377484999e-05,0.00022321445625697763,1,False,23292,29
035,61,coxal_derecho,3,0.00017095966904889792,0.04485870897769928,0.9549703001976013,3,False,4,1
035,62,coxal_derecho,3,0.0003955400316044688,0.3925252854824066,0.6070792078971863,3,False,224,1
035,63,coxal_izquierdo,2,0.005412210710346699,0.6543063640594482,0.3402813971042633,2,False,180,2
035,64,coxal_derecho,3,0.2852899432182312,0.23650996387004852,0.4782000482082367,3,False,8,1
035,65,coxal_derecho,3,0.2282230705022812,0.19496014714241028,0.5768168568611145,3,False,76,1
035,66,sacro,1,0.4475249946117401,0.27446988224983215,0.27800512313842773,1,False,96,1
035,67,coxal_izquierdo,2,0.0005302310779844566,0.9989890737453875,0.00048073403560291983,2,False,3590,3
035,68,sacro,1,0.7971360683441162,0.19096721708774567,0.011896694079041481,1,False,28,1
035,69,coxal_izquierdo,2,3.0955394909078816e-07,0.9999562454578413,4.3468256737181134e-05,2,False,31988,17
035,70,sacro,1,0.9986650786648784,0.0008334860921341157,0.0005014755689786022,1,False,37696,23
035,71,coxal_izquierdo,2,7.966844584127492e-05,0.9998588208339396,6.151504954231446e-05,2,False,3074,4
035,72,sacro,1,0.9988504648208618,2.526705793570727e-05,0.0011243348708376288,1,False,8,1
035,73,coxal_derecho,3,4.5873842547592375e-08,0.07764231014239081,0.9223576157780017,3,False,236,3
035,74,sacro,1,0.999990180076653,6.641626140444839e-06,3.1789349208056933e-06,1,False,13332,21
035,75,sacro,1,0.9894739071528117,0.009296452440321446,0.001229666577031215,1,False,120,2
035,76,coxal_izquierdo,2,2.8595954049137617e-08,0.999990701675415,9.346335900772829e-06,2,False,16,1
035,77,coxal_derecho,3,0.07416228950023651,0.45008519291877747,0.47575250267982483,3,False,8,1
035,78,coxal_derecho,3,0.41433456540107727,0.11589139699935913,0.469774067401886,3,False,188,1
035,79,sacro,1,0.7068982720375061,0.17244970798492432,0.12065195292234421,1,False,60,1
035,80,coxal_izquierdo,2,8.876390986450354e-07,0.9989407849170318,0.0010583236490909799,2,False,256090,98
035,81,sacro,1,0.9010844852613367,0.09393678607778826,0.004978697341762006,1,False,184,4
035,82,coxal_derecho,3,0.03577161646551556,0.08200295526120398,0.8822254207399156,3,False,180,2
035,83,coxal_izquierdo,2,0.10001864480344873,0.8920155575400904,0.007965784826266923,2,False,304,2
035,84,sacro,1,0.9979210890454354,0.002058952375421495,1.998961750293491e-05,1,False,556,11
035,85,sacro,1,0.9999960831962765,3.903382510278588e-06,5.301002340551087e-08,1,False,5604,3
035,86,coxal_derecho,3,4.661806940475799e-09,1.8877241103609776e-08,1.0,3,False,720,1
035,87,sacro,1,0.9979629639891154,0.002034390208009304,2.6596699321683697e-06,1,False,143508,56
035,88,coxal_derecho,3,0.0021681850776076317,0.0021516033448278904,0.9956802129745483,3,False,116,1
035,89,sacro,1,0.9997507107294077,0.0002384339085615037,1.0811922999667713e-05,1,False,2632,11
035,90,coxal_derecho,3,0.05865659549720382,0.0023185093454568765,0.9390248806098771,3,False,732,3
035,91,sacro,1,0.9999804496765137,1.948990575328935e-05,9.103921172481932e-08,1,False,12,1
035,92,sacro,1,0.9999854962031046,1.453569833150444e-05,2.782717819134935e-08,1,False,12,2
035,93,coxal_derecho,3,0.0017400879512674042,0.0025948757771402597,0.9956650648798261,3,False,280,2
035,94,sacro,1,0.9996506942481529,0.0003459281000598311,3.318027255573259e-06,1,False,328,2
035,95,coxal_derecho,3,0.00602191599881844,6.905630764860349e-05,0.9939090251308165,3,False,128436,80
035,96,coxal_derecho,3,0.09585387348396802,0.018399697644002642,0.8857463949573431,3,False,1588,3
035,97,sacro,1,0.8635340332984924,0.007438770029693842,0.12902726233005524,1,False,932,1
035,98,coxal_derecho,3,0.06034574285149574,0.12713468074798584,0.8125195503234863,3,False,504,1
035,99,sacro,1,0.9999698624879496,2.719014708528373e-05,2.9409756823912004e-06,1,False,58940,24
035,100,sacro,1,0.9999181161756101,8.028562830930679e-05,1.5952105976185678e-06,1,False,88688,16
035,101,sacro,1,0.6499043703079224,0.0010439276229590178,0.34905174374580383,1,False,520,1
035,102,sacro,1,0.9553550623231015,0.00035548838199540145,0.04428944377435774,1,False,4720,14
035,103,sacro,1,0.9999336364795841,3.744351763528226e-05,2.892059339749041e-05,1,False,50456,22
035,104,coxal_izquierdo,2,3.34853110844222e-07,0.9984858342097236,0.0015138078183914454,2,False,7346,3
035,105,coxal_izquierdo,2,0.30727144620484775,0.6922721901425609,0.0004563659105635317,2,False,432,2
035,106,sacro,1,0.9953664435543352,0.004629620537893545,3.937216893658936e-06,1,False,14120,26
035,107,coxal_derecho,3,5.463675937925713e-09,4.7667690022133403e-07,0.9999995192014254,3,False,6500,7
035,108,coxal_derecho,3,9.949776842432812e-09,1.2481585508794525e-06,0.9999987262487412,3,False,1600,3
035,109,coxal_izquierdo,2,6.129448219092156e-08,0.9993594420844386,0.0006404958063856093,2,False,51298,40
035,110,coxal_derecho,3,6.956609388947507e-06,0.00036968866049352545,0.9996233478836392,3,False,92,2
035,111,sacro,1,0.9235419034957886,0.020132455974817276,0.05632553994655609,1,False,16,1
